名称,大类,中类,经度,纬度,省份,地级市,区县,lon_wgs,lat_wgs
上海南汇嘴大堤豪华酒店,酒店住宿,其他,121.97189,30.881739,上海市,上海市,浦东新区,121.96771809892256,30.8840427209279
南汇嘴观海生态公园,旅游景点,公园,121.971697,30.88122,上海市,上海市,浦东新区,121.96752567301013,30.883524553053547
南汇嘴观海公园,交通设施,公交站,121.971778,30.882131,上海市,上海市,浦东新区,121.96760637535644,30.884434796344625
智选假日豪华酒店,酒店住宿,四星级酒店,121.971603,30.881782,上海市,上海市,浦东新区,121.96743188545972,30.884086479009156
专用停车场,交通设施,停车场,121.970921,30.880284,上海市,上海市,浦东新区,121.96675187690103,30.882591213481152
WWF自然学堂,科教文化,其他,121.96775,30.918754,上海市,上海市,浦东新区,121.9635862442969,30.921046919265212
南汇嘴观海公园北停车场,交通设施,停车场,121.972517,30.882937,上海市,上海市,浦东新区,121.96834326716136,30.88523829850028
南汇嘴观海公园南停车场,交通设施,停车场,121.971337,30.881022,上海市,上海市,浦东新区,121.96716667807208,30.883327650177893
申能集团临港海上风电,公司企业,公司,121.97478,30.897751,上海市,上海市,浦东新区,121.97059871161922,30.900037286166203
海港酒店,餐饮美食,中国菜,121.890146,31.005477,上海市,上海市,浦东新区,121.886049398217,31.007809163715446
葵园,交通设施,公交站,121.887884,30.97938,上海市,上海市,浦东新区,121.88378722764791,30.981726475789714
通源路南滨支路,交通设施,公交站,121.88868,31.005588,上海市,上海市,浦东新区,121.8845819294414,31.007919332116494
专用停车场,交通设施,停车场,121.917469,31.005644,上海市,上海市,浦东新区,121.91338007876037,31.00797338147602
恋海酒店,酒店住宿,旅馆,121.888699,31.005499,上海市,上海市,浦东新区,121.88460095624399,31.007830395385803
专用停车场,交通设施,停车场,121.890247,31.005466,上海市,上海市,浦东新区,121.88615049598447,31.007798219782142
滨海大酒店,酒店住宿,其他,121.889838,31.005299,上海市,上海市,浦东新区,121.88574111433928,31.007631115651645
黄金海滨度假村-鱼池,运动健身,其他,121.895037,31.006922,上海市,上海市,浦东新区,121.8909444143735,31.009255221231257
公厕,生活服务,公厕,121.888008,31.006282,上海市,上海市,浦东新区,121.88390917049136,31.008612540531168
滨海馨园,商务住宅,住宅区,121.887047,31.006836,上海市,上海市,浦东新区,121.88294708479866,31.009165637272993
港凯广场,商务住宅,商住两用楼宇,121.892134,31.005118,上海市,上海市,浦东新区,121.88803924565022,31.007451274823566
孔雀园,旅游景点,其他,121.889004,30.977874,上海市,上海市,浦东新区,121.88490851539517,30.980222003240026
滨海世外桃源,旅游景点,景点,121.889174,31.017751,上海市,上海市,浦东新区,121.88507544226964,31.02007540013369
家春酒店,酒店住宿,其他,121.887115,31.005771,上海市,上海市,浦东新区,121.88301524652844,31.008101310687852
上海雅居乐米克尔森俱乐部,运动健身,高尔夫球,121.904135,30.98886,上海市,上海市,浦东新区,121.90004844100342,30.991204796675216
专用停车场,交通设施,停车场,121.889446,31.005504,上海市,上海市,浦东新区,121.88534871150095,31.007835792923125
中国移动营业厅,购物消费,家电数码,121.888146,31.005582,上海市,上海市,浦东新区,121.88404737342913,31.007913035187794
中国移动营业厅,生活服务,电讯营业厅,121.888184,31.005574,上海市,上海市,浦东新区,121.8840854141161,31.007905061693833
滨海高尔夫国际俱乐部仙湖球场,运动健身,高尔夫球,121.904274,30.989024,上海市,上海市,浦东新区,121.90018746484814,30.991368683617182
滨海高尔夫豪华酒店,酒店住宿,其他,121.896611,30.986166,上海市,上海市,浦东新区,121.89252118620215,30.98851196383324
上海一家春酒店,酒店住宿,旅馆,121.887175,31.00583,上海市,上海市,浦东新区,121.88307530774227,31.008160312493718
白玉兰滨海度假村专用停车场,交通设施,停车场,121.892973,31.005183,上海市,上海市,浦东新区,121.8888789512948,31.007516566262908
新华酒店,酒店住宿,旅馆,121.887743,31.005784,上海市,上海市,浦东新区,121.88364392830954,31.008114681045125
凯源酒店,酒店住宿,旅馆,121.887272,31.005738,上海市,上海市,浦东新区,121.88317242161364,31.00806842624586
中国联通营业厅,生活服务,电讯营业厅,121.888251,31.005456,上海市,上海市,浦东新区,121.88415249414925,31.007787169911367
朝梅小吃,餐饮美食,中国菜,121.888792,31.00545,上海市,上海市,浦东新区,121.8846940557223,31.007781475539176
淮南牛肉粉丝汤,餐饮美食,中国菜,121.888777,31.005488,上海市,上海市,浦东新区,121.88467903725466,31.00781944478295
葵园农家菜馆停车场,交通设施,停车场,121.887694,30.979151,上海市,上海市,浦东新区,121.8835970428624,30.98149750075087
华联超市,购物消费,超市,121.887934,31.00703,上海市,上海市,浦东新区,121.88383503097047,31.009360054068736
浦东农耕文旅体验示范基地,旅游景点,其他,121.887442,31.013944,上海市,上海市,浦东新区,121.88334193883814,31.01626966855492
世外桃源烧烤基地,餐饮美食,中国菜,121.888691,31.017216,上海市,上海市,浦东新区,121.88459199403795,31.019540454483028
上海冠傲马术国际俱乐部,运动健身,其他,121.889701,31.01515,上海市,上海市,浦东新区,121.88560317827813,31.017476211956645
小鲁蔬菜店,购物消费,市场,121.887016,31.005825,上海市,上海市,浦东新区,121.88291613284468,31.00815521763283
上海浦东葵园文化美术馆,科教文化,其他,121.887906,30.979662,上海市,上海市,浦东新区,121.88380922815821,30.98200832038472
兰州拉面,餐饮美食,中国菜,121.889244,31.005516,上海市,上海市,浦东新区,121.88514650873915,31.007847679728197
雅居乐滨海高尔夫球会练习场,运动健身,其他,121.904034,30.987593,上海市,上海市,浦东新区,121.89994751632925,30.989938562094427
学生国防教育基地,科教文化,其他,121.8862,31.007384,上海市,上海市,浦东新区,121.88209908816042,31.009712775480107
沧海桑田生态农业发展有限责任公司,公司企业,公司,121.917049,31.005796,上海市,上海市,浦东新区,121.91296023944365,31.008125585502643
百果农场,运动健身,其他,121.887217,30.979889,上海市,上海市,浦东新区,121.88311946488753,30.9822347737853
农家农家菜馆,餐饮美食,中国菜,121.88946,31.00535,上海市,上海市,浦东新区,121.88536273795015,31.007681891559674
猎鹰军事训练拓展基地,运动健身,露营地,121.88822,30.977957,上海市,上海市,浦东新区,121.88412369903348,30.9803045187973
宏云早点,餐饮美食,其他,121.888836,31.005508,上海市,上海市,浦东新区,121.8847380960395,31.007839465186578
京东快递,生活服务,物流,121.889863,31.005762,上海市,上海市,浦东新区,121.88576610103942,31.008093853644596
安徽水产店,购物消费,市场,121.890077,31.005423,上海市,上海市,浦东新区,121.88598033615675,31.007755161660782
品牌电动车专卖,购物消费,其他,121.886874,31.005808,上海市,上海市,浦东新区,121.88277397669496,31.0081381395023
华泰滨海药房,医疗保健,医药销售,121.888154,31.006562,上海市,上海市,浦东新区,121.88405530208381,31.00889245859762
友好烟酒专卖店,购物消费,其他,121.888032,31.006886,上海市,上海市,浦东新区,121.88393314676553,31.009216196276586
小胖水果蔬菜生鲜超级市场,购物消费,市场,121.889691,31.005635,上海市,上海市,浦东新区,121.88559394302554,31.007966841661176
老李水果店,购物消费,市场,121.888352,31.006346,上海市,上海市,浦东新区,121.88425352747427,31.008676699366593
叶辛文学馆,科教文化,其他,121.887818,30.979394,上海市,上海市,浦东新区,121.8837211560384,30.981740428811325
猎鹰军事训练拓展基地,科教文化,培训单位,121.888375,30.979289,上海市,上海市,浦东新区,121.88427875302449,30.98163581196608
猎鹰训练基地,科教文化,培训单位,121.888106,30.979548,上海市,上海市,浦东新区,121.88400944955495,30.98189450420569
洋河蓝色经典,购物消费,其他,121.889514,31.005277,上海市,上海市,浦东新区,121.885416797477,31.00760896290808
滨海居委老年活动中心,休闲娱乐,其他,121.887174,31.006991,上海市,上海市,浦东新区,121.8830742121164,31.00932062343877
葵园红色革命教育基地,科教文化,培训单位,121.888231,30.979814,上海市,上海市,浦东新区,121.88413455956544,30.982160417081296
上海雪豹训练基地,科教文化,培训单位,121.888259,30.979665,上海市,上海市,浦东新区,121.88416260107317,30.982011521917574
滨海国防教育基地,科教文化,培训单位,121.886016,31.006895,上海市,上海市,浦东新区,121.88191491687819,31.009223945008618
丰巢快递,生活服务,物流,121.889859,31.005396,上海市,上海市,浦东新区,121.88576212692868,31.007728068712794
乐农超级市场,购物消费,便利店,121.889433,30.979227,上海市,上海市,浦东新区,121.88533783633304,30.9815744234159
建明烟糖,购物消费,便利店,121.887519,31.005786,上海市,上海市,浦东新区,121.88341968665438,31.008116546806175
党英汽配店,汽车相关,汽车配件,121.886467,31.005772,上海市,上海市,浦东新区,121.88236652303193,31.00810190360565
平衡态立体健康空间,医疗保健,其他,121.88811,31.00665,上海市,上海市,浦东新区,121.88401124849533,31.008980381163905
滨海衡玉烟糖铺,购物消费,便利店,121.888509,31.005463,上海市,上海市,浦东新区,121.88441076284414,31.007794311281323
源萍烟糖铺,购物消费,便利店,121.886792,31.005815,上海市,上海市,浦东新区,121.88269188473741,31.00814508404775
黄金海滨度假村专用停车场,交通设施,停车场,121.893764,31.006375,上海市,上海市,浦东新区,121.88967049360534,31.008708143484316
悦海国际,商务住宅,住宅区,121.891219,31.004908,上海市,上海市,浦东新区,121.88712344912012,31.00724100622082
上海春菊仓储有限责任公司,公司企业,公司,121.886364,31.005811,上海市,上海市,浦东新区,121.88226340311603,31.008140814338347
老港滨海老年人照料中心,生活服务,其他,121.887768,31.007218,上海市,上海市,浦东新区,121.8836688383734,31.00954784546916
惠羽五金建材经销部,购物消费,家居建材,121.888473,31.005434,上海市,上海市,浦东新区,121.8843747278174,31.0077653083377
公牛全屋照明店,购物消费,家居建材,121.889797,31.005652,上海市,上海市,浦东新区,121.88570004555629,31.007983885526507
乐海五金配件机械配件,购物消费,家居建材,121.889722,31.005633,上海市,上海市,浦东新区,121.88562497363272,31.007964858671997
上海城投,公司企业,公司,121.888867,31.029664,上海市,上海市,浦东新区,121.88476716058443,31.03198121531005
上海岚町木业有限责任公司,公司企业,公司,121.890822,30.979839,上海市,上海市,浦东新区,121.88672812292874,30.98218674352651
老港再生能源中心,公司企业,公司,121.913465,31.03997,上海市,上海市,浦东新区,121.90937455986813,31.042281631020874
忠明五金配件电料纯水,购物消费,家居建材,121.88947,31.005705,上海市,上海市,浦东新区,121.88537271898899,31.008036686198704
源才便利超市,购物消费,便利店,121.889622,31.005615,上海市,上海市,浦东新区,121.88552487672895,31.00794681816095
老港固体废物医疗废物,公司企业,其他,121.889253,31.029635,上海市,上海市,浦东新区,121.8851535537397,31.031952439495818
上海老港环保生态基地,公司企业,农林牧渔,121.888841,31.029675,上海市,上海市,浦东新区,121.8847411331168,31.031992194676334
上海荣苑渔业农业合作社,公司企业,农林牧渔,121.889776,31.004638,上海市,上海市,浦东新区,121.88567910753996,31.0069704763859
上海辰澜建筑工程有限责任公司,公司企业,公司,121.886522,31.007224,上海市,上海市,浦东新区,121.88242146694236,31.009553077776705
上海世滨实业发展有限责任公司,公司企业,公司,121.886756,31.007481,上海市,上海市,浦东新区,121.8826557088678,31.00981007361979
上海信楠土方工程有限责任公司,公司企业,公司,121.886743,31.008369,上海市,上海市,浦东新区,121.88264262202235,31.01069753913356
上海沃禾有机肥产业基地,公司企业,公司,121.91293,31.015262,上海市,上海市,浦东新区,121.90884167739597,31.017588440303413
上海农沧水产养殖有限责任公司,公司企业,农林牧渔,121.917553,31.006998,上海市,上海市,浦东新区,121.91346393291198,31.009326518732873
上海老港再生能源利用中心,公司企业,公司,121.906954,31.045543,上海市,上海市,浦东新区,121.90286338981343,31.047853855205265
生猪检疫检查申报点,医疗保健,动物医疗,121.899387,31.005825,上海市,上海市,浦东新区,121.89529720110971,31.008159723406433
上海乐农超市,购物消费,便利店,121.888257,31.006711,上海市,上海市,浦东新区,121.88415839828083,31.00904142906713
正大桑田,公司企业,公司,121.917006,31.005932,上海市,上海市,浦东新区,121.9129172455781,31.008261534507696
临农农机合作社种植示范基地,公司企业,农林牧渔,121.920398,30.975471,上海市,上海市,浦东新区,121.9163100690106,30.977816070174907
上海瀚灏园艺有限责任公司,公司企业,农林牧渔,121.887482,30.980786,上海市,上海市,浦东新区,121.88338468096082,30.983131399078722
华锦南汇东滩海塘维护管理项目,公司企业,公司,121.917609,31.004903,上海市,上海市,浦东新区,121.91352007929741,31.007232721203444
DESANO,公司企业,公司,121.889212,31.005792,上海市,上海市,浦东新区,121.88511445413363,31.008123499072827
临港东滩生态农业种植示范基地,公司企业,农林牧渔,121.917001,30.988657,上海市,上海市,浦东新区,121.91291365217843,30.990996807581578
普天公共充电站,汽车相关,充电站,121.905155,30.988256,上海市,上海市,浦东新区,121.90106873978964,30.990601023632962
安悦汽车公共充电站,汽车相关,充电站,121.887936,30.979247,上海市,上海市,浦东新区,121.88383929384662,30.981593585450028
上海祥欣国家生猪核心育种场,公司企业,农林牧渔,121.893401,31.020909,上海市,上海市,浦东新区,121.88930602112804,31.023233419082096
长江航道局南汇东滩工程项目部,公司企业,公司,121.887285,31.010801,上海市,上海市,浦东新区,121.88318502359428,31.013128433700377
国家现代农业示范区,公司企业,农林牧渔,121.917051,31.005828,上海市,上海市,浦东新区,121.91296223603878,31.008157565141214
上海老港再生能源利用中心二期工程项目管理部,公司企业,其他,121.906884,31.045508,上海市,上海市,浦东新区,121.9027933837314,31.047818891859215
金秀兰烟糖商行,购物消费,便利店,121.889625,31.005312,上海市,上海市,浦东新区,121.88552790434846,31.00764399942659
上海祥欣畜禽有限责任公司东滩国家生猪核心育种场,公司企业,农林牧渔,121.897058,31.018776,上海市,上海市,浦东新区,121.89296581969533,31.02110270406749
上海滨海高尔夫俱乐部专用停车场,交通设施,停车场,121.905088,30.988598,上海市,上海市,浦东新区,121.9010016972373,30.990942830051928
固体废物处置有限责任公司,公司企业,公司,121.904876,31.055223,上海市,上海市,浦东新区,121.90078422852429,31.057528615885275
二号桥,交通设施,公交站,121.776039,31.339435,上海市,上海市,崇明区,121.77167632515037,31.34143120938926
江南大道兴略路,交通设施,公交站,121.780442,31.332681,上海市,上海市,崇明区,121.77608660343516,31.33468405302508
江南大道江堤路,交通设施,公交站,121.788415,31.327746,上海市,上海市,崇明区,121.78407395208693,31.329760405765715
江南大道仁建路,交通设施,公交站,121.766087,31.345772,上海市,上海市,崇明区,121.76171146610807,31.347758382336185
潘圆公路合作路,交通设施,公交站,121.776096,31.3468,上海市,上海市,崇明区,121.77173278270118,31.348793702223098
江南大道潘圆公路,交通设施,公交站,121.775944,31.335943,上海市,上海市,崇明区,121.7715814847032,31.337940356459793
潘圆公路圆东二路,交通设施,公交站,121.777622,31.343861,上海市,上海市,崇明区,121.77326127601037,31.345857187182123
丁丰村十队,交通设施,公交站,121.772255,31.341848,上海市,上海市,崇明区,121.76788695939746,31.343840060342515
源源酒店,酒店住宿,旅馆,121.777233,31.340276,上海市,上海市,崇明区,121.77287199935263,31.342273055784375
长江第一滩,旅游景点,其他,121.790955,31.346378,上海市,上海市,崇明区,121.78661726234724,31.348389225460284
公厕,生活服务,公厕,121.788929,31.346661,上海市,上海市,崇明区,121.78458732458616,31.348669380413135
专用停车场,交通设施,停车场,121.778592,31.334146,上海市,上海市,崇明区,121.77423357220866,31.336146585259996
涛浪客房部,酒店住宿,旅馆,121.775526,31.338732,上海市,上海市,崇明区,121.77116265184151,31.34072798094181
高庄酒店,酒店住宿,其他,121.776389,31.339616,上海市,上海市,崇明区,121.77202681573928,31.341612475576508
长兴酒店公寓,酒店住宿,其他,121.77797,31.340452,上海市,上海市,崇明区,121.77361008927235,31.3424497222619
万信慧选酒店,酒店住宿,其他,121.774847,31.337179,上海市,上海市,崇明区,121.77048282934052,31.33917491343919
中国联通营业厅,生活服务,电讯营业厅,121.777849,31.343029,上海市,上海市,崇明区,121.7734886880139,31.345025701425833
西北牛肉面,餐饮美食,中国菜,121.777663,31.340718,上海市,上海市,崇明区,121.7733026039732,31.342715323504436
中国移动营业厅,生活服务,电讯营业厅,121.777948,31.3432,上海市,上海市,崇明区,121.77358782305846,31.34519674075172
198聚会度假村,休闲娱乐,其他,121.779139,31.341908,上海市,上海市,崇明区,121.77478076072903,31.343906403976067
大茂网络,休闲娱乐,网吧,121.778118,31.3413,上海市,上海市,崇明区,121.77375824176661,31.34329757360747
儿童游乐场,休闲娱乐,游乐场,121.790308,31.346604,上海市,上海市,崇明区,121.78596897935579,31.348614258363074
中国移动营业厅,生活服务,电讯营业厅,121.776346,31.339617,上海市,上海市,崇明区,121.77198375324001,31.341613434479672
赣湘菜馆,餐饮美食,中国菜,121.778112,31.341213,上海市,上海市,崇明区,121.77375224002837,31.343210598013535
众和农家乐,餐饮美食,中国菜,121.778272,31.341342,上海市,上海市,崇明区,121.77391247255953,31.34333971405619
格林豪泰,酒店住宿,其他,121.777791,31.340717,上海市,上海市,崇明区,121.7734307965597,31.342714450855947
徐州菜馆,餐饮美食,中国菜,121.778228,31.34208,上海市,上海市,崇明区,121.77386834295675,31.344077411867595
黄焖鸡米饭,餐饮美食,中国菜,121.777943,31.341493,上海市,上海市,崇明区,121.77358296019287,31.343490330761707
沙县小吃店,餐饮美食,中国菜,121.777844,31.341119,上海市,上海市,崇明区,121.77348384237595,31.34311636281167
羊肉板面店,餐饮美食,中国菜,121.778038,31.34281,上海市,上海市,崇明区,121.77367799238753,31.344806966472724
老五烧烤,餐饮美食,其他,121.778318,31.341285,上海市,上海市,崇明区,121.77395854756698,31.34328278048141
村夫烤鱼重庆烧鸡公煲,餐饮美食,中国菜,121.777898,31.341483,上海市,上海市,崇明区,121.77353789303105,31.343480289325292
宝隆居家酒店,酒店住宿,四星级酒店,121.778916,31.341903,上海市,上海市,崇明区,121.7745574147752,31.343901175094338
地锅传奇,餐饮美食,其他,121.778013,31.341031,上海市,上海市,崇明区,121.77365310529879,31.343028562403333
元沙酒店,酒店住宿,旅馆,121.779021,31.342594,上海市,上海市,崇明区,121.77466251907279,31.344592042547205
紫莲堂足道养生保健会所,生活服务,洗浴推拿,121.777907,31.341119,上海市,上海市,崇明区,121.77354693748067,31.34311642562438
畅乐足疗,生活服务,洗浴推拿,121.778275,31.341468,上海市,上海市,崇明区,121.77391546645424,31.343465673029442
金三峡时尚干锅,餐饮美食,中国菜,121.777002,31.340526,上海市,上海市,崇明区,121.77264063615841,31.342522743486626
山东单县羊汤,餐饮美食,中国菜,121.778288,31.341878,上海市,上海市,崇明区,121.77392845152889,31.343875542930018
汉唐圣贤足道养生保健会所,生活服务,洗浴推拿,121.777939,31.340504,上海市,上海市,崇明区,121.77357903797413,31.34250167303689
珺悦足道,生活服务,洗浴推拿,121.777699,31.343253,上海市,上海市,崇明区,121.7733384431623,31.345249474493528
千里香馄饨店,餐饮美食,中国菜,121.777813,31.341439,上海市,上海市,崇明区,121.77345276850926,31.343436220015256
鱼小妹纸包鱼,餐饮美食,中国菜,121.777744,31.340911,上海市,上海市,崇明区,121.77338370935841,31.34290833619566
老夏烧烤,餐饮美食,中国菜,121.777205,31.340254,上海市,上海市,崇明区,121.77284395965353,31.342251036188795
喜旺酒楼,餐饮美食,中国菜,121.77779,31.340821,上海市,上海市,崇明区,121.77342978623794,31.342818413421387
长兴镇社区党校,科教文化,其他,121.777965,31.341064,上海市,上海市,崇明区,121.77360502983318,31.343061502816855
毫州农家乐,餐饮美食,中国菜,121.778015,31.34275,上海市,上海市,崇明区,121.77365496261973,31.34474696431245
纸包烤鱼啤酒鸭火锅,餐饮美食,中国菜,121.775588,31.338653,上海市,上海市,崇明区,121.77122474657067,31.340649065888922
谭氏冷冻品,购物消费,市场,121.777499,31.340488,上海市,上海市,崇明区,121.7731383777432,31.342485242197803
小笼汤包馆,餐饮美食,中国菜,121.777867,31.341488,上海市,上海市,崇明区,121.77350684580122,31.343485256662596
淮南黄牛肉粉丝汤,餐饮美食,小吃快餐,121.777643,31.341303,上海市,上海市,崇明区,121.77328252436301,31.343300098894936
好又多生活广场,购物消费,超市,121.775866,31.338739,上海市,上海市,崇明区,121.77150313584865,31.340735293057996
圆沙集贸市场,购物消费,其他,121.777491,31.340048,上海市,上海市,崇明区,121.77313040308015,31.342045388744886
长兴岛中通快递圆沙分部,生活服务,物流,121.778335,31.341462,上海市,上海市,崇明区,121.77397555851996,31.343459735784002
渔港老码头户外游乐园-烧烤区,餐饮美食,其他,121.789955,31.346875,上海市,上海市,崇明区,121.78561527237171,31.34888468470038
瓦香鸡米饭,餐饮美食,中国菜,121.777449,31.340992,上海市,上海市,崇明区,121.77308826030844,31.342989016388668
老北京炸酱面,餐饮美食,中国菜,121.777577,31.341059,上海市,上海市,崇明区,121.77321644608256,31.34305611904035
淮南牛肉粉丝汤,餐饮美食,小吃快餐,121.778132,31.34144,上海市,上海市,崇明区,121.7737722511677,31.34343753872187
新大洲电动车,购物消费,其他,121.775416,31.338599,上海市,上海市,崇明区,121.7710525073061,31.340594926913425
格林餐馆,餐饮美食,中国菜,121.777845,31.340846,上海市,上海市,崇明区,121.77348486702478,31.342843459396335
东北饺子家常菜,餐饮美食,中国菜,121.777971,31.341564,上海市,上海市,崇明区,121.77361099653065,31.343561333937217
聚客隆川饭店,餐饮美食,中国菜,121.777842,31.341392,上海市,上海市,崇明区,121.77348181621858,31.34338926531697
焊王劳保批发部,购物消费,其他,121.778215,31.341342,上海市,上海市,崇明区,121.77385538571345,31.343339656545375
避风塘,餐饮美食,其他,121.777151,31.340728,上海市,上海市,崇明区,121.7727898393975,31.342724817343786
烤鱼碳火锅羊蝎子农家小炒,餐饮美食,中国菜,121.778099,31.341642,上海市,上海市,崇明区,121.77373918392715,31.3436394349643
摄像馆打印复印店,生活服务,其他,121.778195,31.342008,上海市,上海市,崇明区,121.77383529882002,31.34400540372816
园东超市,购物消费,便利店,121.77837,31.341551,上海市,上海市,崇明区,121.77401060444802,31.343548740112112
快活岛越野沙滩车卡丁车国际俱乐部,运动健身,其他,121.790201,31.346671,上海市,上海市,崇明区,121.78586176592617,31.348681089320127
如海超市,购物消费,超市,121.777762,31.340531,上海市,上海市,崇明区,121.77340176865717,31.342528487238642
元沙社区卫生服务站,医疗保健,综合医院,121.778153,31.341165,上海市,上海市,崇明区,121.77379330639197,31.343162656029
上海富强家电专卖店,购物消费,家电数码,121.777214,31.340665,上海市,上海市,崇明区,121.7728529381692,31.342661900810956
老徽州菜饭骨头汤,餐饮美食,中国菜,121.778031,31.341216,上海市,上海市,崇明区,121.7736711168913,31.343213515689293
真人cs野战,休闲娱乐,其他,121.790265,31.345745,上海市,上海市,崇明区,121.78592596846036,31.347755495271954
鲜果坊,购物消费,市场,121.777931,31.341612,上海市,上海市,崇明区,121.77357093196255,31.34360927718473
江南造船教育培训学校,科教文化,培训单位,121.764599,31.345484,上海市,上海市,崇明区,121.76022200305577,31.347469644614034
兴荣劳保批发部,购物消费,其他,121.77852,31.341636,上海市,上海市,崇明区,121.77416082693344,31.343633862730805
小张车店,购物消费,其他,121.775383,31.338536,上海市,上海市,崇明区,121.77101946599684,31.340531918940684
高庄馒头,餐饮美食,小吃快餐,121.778179,31.341741,上海市,上海市,崇明区,121.77381929710761,31.343738480827376
圆东村新时代精神文明实践站,科教文化,其他,121.779516,31.341997,上海市,上海市,崇明区,121.77515834301263,31.343995766422534
农建村新时代文明实践,购物消费,其他,121.775997,31.338763,上海市,上海市,崇明区,121.77163432173404,31.34075940682858
中国福利彩票销售点,生活服务,彩票销售,121.777256,31.340262,上海市,上海市,崇明区,121.77289503470386,31.342259083155916
天能电池,购物消费,其他,121.775459,31.338642,上海市,上海市,崇明区,121.77109556451207,31.340637951155262
煌王劳动保护,购物消费,其他,121.778271,31.341406,上海市,上海市,崇明区,121.77391146561033,31.343403690666108
日用百货,购物消费,便利店,121.777468,31.340872,上海市,上海市,崇明区,121.77310729885987,31.3428690770979
都市恋人坊,购物消费,其他,121.777669,31.341407,上海市,上海市,崇明区,121.77330855457876,31.343404088261817
二手市场,购物消费,市场,121.777379,31.344732,上海市,上海市,崇明区,121.77301783881015,31.34672764623465
佳伟烟酒食品商行,购物消费,便利店,121.780887,31.341364,上海市,上海市,崇明区,121.77653158619478,31.34336445656435
瑶鑫食品商行,购物消费,便利店,121.778996,31.339867,上海市,上海市,崇明区,121.77463771136323,31.341865970766097
加工棉花胎,生活服务,其他,121.777879,31.343359,上海市,上海市,崇明区,121.77351870531551,31.34535561662072
垃圾桶,生活服务,其他,121.777879,31.340236,上海市,上海市,崇明区,121.773518970038,31.342233707176884
农建村党群建设服务中心,生活服务,其他,121.775787,31.338829,上海市,上海市,崇明区,121.77142401521603,31.340825187879336
雷允上,医疗保健,医药销售,121.777647,31.340709,上海市,上海市,崇明区,121.77328658071744,31.342706310820894
圣天移动通信,购物消费,家电数码,121.777886,31.341179,上海市,上海市,崇明区,121.77352590067646,31.34317638367549
亿源药房,医疗保健,医药销售,121.77773,31.340647,上海市,上海市,崇明区,121.77336971067596,31.342644414799587
小李车行台铃电动车,购物消费,其他,121.778411,31.342433,上海市,上海市,崇明区,121.77405159238856,31.344430473875548
诚信品牌手机直销店,购物消费,家电数码,121.777906,31.343142,上海市,上海市,崇明区,121.7735457644881,31.345138718968144
众鑫劳动保护百货,购物消费,其他,121.77836,31.342073,上海市,上海市,崇明区,121.7740005449219,31.34407054770819
上海凤圆五金商行,购物消费,家居建材,121.777582,31.341143,上海市,上海市,崇明区,121.77322144645348,31.343140094576892
长鑫电脑,购物消费,家电数码,121.778313,31.341932,上海市,上海市,崇明区,121.77395348509658,31.343929549349895
长兴五金配件工具,购物消费,家居建材,121.775347,31.338563,上海市,上海市,崇明区,121.77098341286417,31.340558876500403
博奥汽车美容养护站,汽车相关,汽车养护,121.777156,31.345574,上海市,上海市,崇明区,121.77279443596152,31.347569137561017
华新综合商行,购物消费,便利店,121.775373,31.338917,上海市,上海市,崇明区,121.77100941956287,31.340912775402746
OPPO,购物消费,家电数码,121.777994,31.343159,上海市,上海市,崇明区,121.7736338961445,31.345155801009458
张斌轮胎批发零售,汽车相关,汽车配件,121.776716,31.346647,上海市,上海市,崇明区,121.7723536965919,31.348641343047856
君澜超级市场,购物消费,便利店,121.789598,31.34669,上海市,上海市,崇明区,121.78525760018908,31.348699265607515
两元起售,购物消费,便利店,121.778097,31.341968,上海市,上海市,崇明区,121.77373715325851,31.343965319118663
长兴百货,购物消费,便利店,121.777351,31.341096,上海市,上海市,崇明区,121.77299010533541,31.34309288379187
乐乐批发店,购物消费,便利店,121.778028,31.341549,上海市,上海市,崇明区,121.77366808411917,31.34354639623951
长兴镇圆东村卫生院,医疗保健,诊所,121.778443,31.341585,上海市,上海市,崇明区,121.77408371324208,31.34358280226903
宝隆居家酒店,交通设施,停车场,121.778534,31.342195,上海市,上海市,崇明区,121.77417480103605,31.34419268185619
昊峰百货商行,购物消费,便利店,121.778891,31.339812,上海市,上海市,崇明区,121.77453255326674,31.341810881787467
康康批发店,购物消费,便利店,121.776849,31.340317,上海市,上海市,崇明区,121.77248742848879,31.342313669007964
江南门窗店,购物消费,家居建材,121.777159,31.345675,上海市,上海市,崇明区,121.77279743184434,31.347670105659404
江南五金劳保,购物消费,家居建材,121.776783,31.346894,上海市,上海市,崇明区,121.77242077389657,31.348888322548042
上海意达机电专业电动工具,购物消费,家居建材,121.777618,31.343596,上海市,上海市,崇明区,121.77325729247636,31.345592275174795
宋师傅门窗店,购物消费,家居建材,121.777099,31.346003,上海市,上海市,崇明区,121.77273731517064,31.3479979342958
上海勇盛建材商行,购物消费,家居建材,121.777483,31.345366,上海市,上海市,崇明区,121.7731219402934,31.347361529407365
华盛手机专卖店,购物消费,家电数码,121.777466,31.341101,上海市,上海市,崇明区,121.77310527645984,31.3430979949492
艺轩理发,生活服务,美容理发,121.777921,31.342971,上海市,上海市,崇明区,121.77356080164975,31.34496779340708
天姿理发,生活服务,美容理发,121.777503,31.344083,上海市,上海市,崇明区,121.77314207896693,31.34607899278418
首艺造型,生活服务,美容理发,121.777237,31.340291,上海市,上海市,崇明区,121.77287600402127,31.342288054424696
海龙通讯,购物消费,家电数码,121.777069,31.345455,上海市,上海市,崇明区,121.77270731725588,31.347450094031405
长兴镇农建村综合文化中心,科教文化,其他,121.776105,31.338819,上海市,上海市,崇明区,121.77174247241645,31.34081548828291
江南造船,公司企业,公司,121.766809,31.341541,上海市,上海市,崇明区,121.76243458116595,31.343529285809826
704所热工环境制造中心,公司企业,公司,121.767984,31.345779,上海市,上海市,崇明区,121.76361049851192,31.3477665634244
江南重工制造中心,公司企业,公司,121.756063,31.345281,上海市,上海市,崇明区,121.75167934823222,31.347263499103324
佳妮食品商行,购物消费,便利店,121.777471,31.34059,上海市,上海市,崇明区,121.77311032724668,31.342587178870794
上海东晟源日化有限责任公司,公司企业,公司,121.777104,31.323342,上海市,上海市,崇明区,121.77274424319556,31.325345036898426
东鼎钢结构有限责任公司,公司企业,公司,121.778966,31.334206,上海市,上海市,崇明区,121.77460814449867,31.33620694759531
中建港航局沪东港池项目管理部,公司企业,公司,121.765586,31.332249,上海市,上海市,崇明区,121.76121110290991,31.334239856815035
上海兴岛五金建材批发经销部,购物消费,家居建材,121.7785,31.342307,上海市,上海市,崇明区,121.77414073938716,31.344304608199046
无限极李锦记焕颜养生保健馆,生活服务,美容理发,121.777832,31.341312,上海市,上海市,崇明区,121.77347180791843,31.343309283336477
同心八队,公司企业,公司,121.767147,31.343852,上海市,上海市,崇明区,121.76277274636118,31.345839691412234
沪东造船零号基地,公司企业,公司,121.775974,31.316919,上海市,上海市,崇明区,121.77161313996115,31.318923360650842
沪东船工厂,公司企业,其他,121.773015,31.317848,上海市,上海市,崇明区,121.7686499851826,31.319849392395305
中船长兴造船基地二期工程建设指挥部,公司企业,公司,121.77753,31.329494,上海市,上海市,崇明区,121.77317035584709,31.33149519767206
沪东中华造船,公司企业,其他,121.779514,31.316852,上海市,上海市,崇明区,121.77515846969938,31.31885989962214
大风车旅馆,酒店住宿,其他,121.657083,31.422468,上海市,上海市,崇明区,121.65280538300028,31.424550969349053
静思小院,餐饮美食,中国菜,121.662666,31.423323,上海市,上海市,崇明区,121.65837773799045,31.425395318108002
长兴别墅山庄,休闲娱乐,其他,121.667714,31.425336,上海市,上海市,崇明区,121.66341579975486,31.427398179429503
小洪桥鱼塘,休闲娱乐,农家乐,121.656712,31.42697,上海市,上海市,崇明区,121.65243469540971,31.42905253022374
上海崇明金茂凯悦豪华酒店,酒店住宿,五星级酒店,121.799902,31.465986,上海市,上海市,崇明区,121.79557286975431,31.46797808995308
陈南六队,交通设施,公交站,121.796088,31.488982,上海市,上海市,崇明区,121.79174865780682,31.490963966446916
陈南地道,交通设施,公交站,121.787896,31.492764,上海市,上海市,崇明区,121.78353998408414,31.494733802888423
陈家镇水厂,交通设施,公交站,121.797098,31.478913,上海市,上海市,崇明区,121.79276166311368,31.480898260541082
凯悦金茂酒店,交通设施,公交站,121.801189,31.467017,上海市,上海市,崇明区,121.79686265261702,31.46901095555248
滧南七队,交通设施,公交站,121.742584,31.490677,上海市,上海市,崇明区,121.73818402275793,31.492622705339013
滧南三队,交通设施,公交站,121.750719,31.486503,上海市,上海市,崇明区,121.74632077795935,31.48844824590021
十号桥,交通设施,公交站,121.743105,31.495502,上海市,上海市,崇明区,121.7387046110448,31.497446769331873
滧中三队,交通设施,公交站,121.754951,31.489318,上海市,上海市,崇明区,121.75055443970712,31.491263162894825
滧中九队,交通设施,公交站,121.757945,31.493262,上海市,上海市,崇明区,121.75354993252664,31.495207201860815
陈家镇粮站,交通设施,公交站,121.806445,31.491075,上海市,上海市,崇明区,121.80212872664987,31.493073381968355
铁塔,交通设施,公交站,121.803158,31.486739,上海市,上海市,崇明区,121.79883444855932,31.488732564644973
北陈公路揽海路,交通设施,公交站,121.792383,31.472785,上海市,上海市,崇明区,121.78803738800534,31.47476442622343
新桥幼稚园,科教文化,幼儿园,121.795702,31.478723,上海市,上海市,崇明区,121.79136271393011,31.480706177107955
北陈公路瀛陈公路,交通设施,公交站,121.803056,31.486566,上海市,上海市,崇明区,121.79873222964956,31.48855942521859
重庆富豪公寓,酒店住宿,经济型连锁酒店,121.797881,31.490203,上海市,上海市,崇明区,121.79354539135207,31.49218750601182
安乐院,旅游景点,宗教,121.779858,31.479666,上海市,上海市,崇明区,121.77548918754707,31.48162854236751
袁能农家菜馆,休闲娱乐,其他,121.798517,31.485774,上海市,上海市,崇明区,121.79418314855486,31.487760246928477
金茂悦公馆,商务住宅,住宅区,121.798606,31.466338,上海市,上海市,崇明区,121.79427399079026,31.468327972636683
大龙农家菜馆,休闲娱乐,其他,121.801462,31.486674,上海市,上海市,崇明区,121.79713460091561,31.488664790991027
大龙农家菜馆,餐饮美食,中国菜,121.801463,31.486586,上海市,上海市,崇明区,121.79713561062734,31.48857680767705
上海沐枫小筑民宿酒店,酒店住宿,旅馆,121.772712,31.490252,上海市,上海市,崇明区,121.76833192762777,31.492205963691166
山水居旅馆,酒店住宿,其他,121.794682,31.470907,上海市,上海市,崇明区,121.79034124465677,31.472890112954108
陈家镇幼稚园,科教文化,幼儿园,121.804069,31.495718,上海市,上海市,崇明区,121.79974678404434,31.49771159836841
上海悦迎居民宿酒店,酒店住宿,其他,121.775689,31.495566,上海市,上海市,崇明区,121.77131254751156,31.497521700539778
沐曦阁民宿酒店,酒店住宿,旅馆,121.780971,31.480839,上海市,上海市,崇明区,121.7766038764129,31.48280253205422
河畔居,商务住宅,住宅区,121.765417,31.490827,上海市,上海市,崇明区,121.76102843191215,31.49277579243503
金茂豪华酒店,酒店住宿,其他,121.800212,31.467182,上海市,上海市,崇明区,121.79588345610038,31.469174350022968
遇见田野民宿酒店,酒店住宿,其他,121.773805,31.489782,上海市,上海市,崇明区,121.76942642203534,31.49173696318514
上海赵兵别墅,酒店住宿,其他,121.801669,31.495855,上海市,上海市,崇明区,121.79734128935586,31.497844610478165
崇明寓居金茂悦揽海墅,酒店住宿,其他,121.798623,31.467491,上海市,上海市,崇明区,121.7942909301526,31.46948077317525
上海刘思恋特色民宿酒店,酒店住宿,其他,121.794184,31.489567,上海市,上海市,崇明区,121.78984062985388,31.491546036188648
上海田野间民宿酒店,酒店住宿,其他,121.75875,31.480586,上海市,上海市,崇明区,121.75435657542693,31.482533609479244
上海Homey豪华酒店公寓,酒店住宿,其他,121.798749,31.466398,上海市,上海市,崇明区,121.7944172980003,31.4683881850423
专用停车场,交通设施,停车场,121.80455,31.49558,上海市,上海市,崇明区,121.80022890978853,31.49757442806656
上海小佩别墅派度假山庄,餐饮美食,中国菜,121.804978,31.475201,上海市,上海市,崇明区,121.80065963083888,31.47719966995527
河畔农场,餐饮美食,中国菜,121.76074,31.496073,上海市,上海市,崇明区,121.7563467596433,31.49801869954598
金茂逸墅,商务住宅,别墅区,121.803907,31.465148,上海市,上海市,崇明区,121.79958699887187,31.467146798986832
崇明人家民宿,酒店住宿,其他,121.773831,31.489718,上海市,上海市,崇明区,121.76945246267262,31.49167299629094
上海上海海鸥a公寓,酒店住宿,其他,121.798673,31.466351,上海市,上海市,崇明区,121.79434113594381,31.46834107507381
陈家老宅民宿酒店,酒店住宿,旅馆,121.758369,31.480111,上海市,上海市,崇明区,121.75397534740051,31.482058576224492
知了乡里民宿酒店,酒店住宿,旅馆,121.76882,31.481847,上海市,上海市,崇明区,121.76443586193449,31.483799464764605
东滩小筑民宿酒店,酒店住宿,其他,121.801857,31.495744,上海市,上海市,崇明区,121.79752972358126,31.497733934894136
江舍小院,酒店住宿,其他,121.758592,31.480251,上海市,上海市,崇明区,121.75419849187243,31.482198619706953
海知鲜渔家旅馆,酒店住宿,其他,121.747063,31.487867,上海市,上海市,崇明区,121.74266366570367,31.489812224009682
上海管胜芳特色民宿酒店,酒店住宿,其他,121.763867,31.494687,上海市,上海市,崇明区,121.75947659727025,31.496634329959875
吴家小院桃花坞桃花驿,酒店住宿,其他,121.798938,31.492344,上海市,上海市,崇明区,121.79460451135876,31.494329803277324
上海余芳民宿酒店,酒店住宿,其他,121.758382,31.493004,上海市,上海市,崇明区,121.75398725501375,31.49494937304034
海源天墅院,酒店住宿,其他,121.739555,31.493217,上海市,上海市,崇明区,121.73515503966803,31.495163362592685
揽海799农家菜馆·酒吧,休闲娱乐,酒吧,121.799804,31.466014,上海市,上海市,崇明区,121.79547465047517,31.46800592833055
崇明人家开心农庄东滩店,酒店住宿,旅馆,121.773751,31.489747,上海市,上海市,崇明区,121.76937235204291,31.491701922570307
上海河畔居农宿特色民宿,酒店住宿,其他,121.765363,31.490861,上海市,上海市,崇明区,121.7609743748416,31.492809756337508
根民农场,餐饮美食,中国菜,121.790821,31.493534,上海市,上海市,崇明区,121.78647052300344,31.49550759779644
陶园山庄,餐饮美食,中国菜,121.787309,31.479897,上海市,上海市,崇明区,121.78295298714785,31.48186825118747
崇明海监码头,交通设施,其他,121.777863,31.466057,上海市,上海市,崇明区,121.77349225643289,31.46802005613205
悦居·生活度假别墅,酒店住宿,其他,121.798482,31.466507,上海市,上海市,崇明区,121.7941497060852,31.468496745328093
望江边农家菜馆,休闲娱乐,其他,121.765246,31.483304,上海市,上海市,崇明区,121.76085790309942,31.48525397939947
涛哥农家土菜,运动健身,其他,121.794996,31.470902,上海市,上海市,崇明区,121.79065589844818,31.47288557877706
田园农味农家菜馆,休闲娱乐,其他,121.798268,31.469642,上海市,上海市,崇明区,121.79393497460957,31.47163080105275
UTOP1A·壹岛露营地,运动健身,露营地,121.797468,31.464501,上海市,上海市,崇明区,121.79313368007936,31.466489567952227
陈家镇田蜜蜜休闲垂钓园,休闲娱乐,农家乐,121.783236,31.495268,上海市,上海市,崇明区,121.77887142780618,31.497231649423394
姚家南大河农家菜馆,运动健身,其他,121.763589,31.494425,上海市,上海市,崇明区,121.75919836067598,31.496372232272915
小雅楼农家菜馆,运动健身,其他,121.767292,31.492965,上海市,上海市,崇明区,121.76290520737452,31.494914564209974
滨江仪居,运动健身,其他,121.787563,31.483237,上海市,上海市,崇明区,121.78320717391524,31.485207985232275
阿德哥农家菜馆,休闲娱乐,其他,121.805972,31.495787,上海市,上海市,崇明区,121.80165421382715,31.497783806380532
鹿野泽异宠,购物消费,其他,121.803916,31.496076,上海市,上海市,崇明区,121.79959340037473,31.498069285262368
崇明胡式农家菜,餐饮美食,中国菜,121.796739,31.486918,上海市,上海市,崇明区,121.79240121621558,31.488901304056412
胡氏农家菜馆,餐饮美食,中国菜,121.796737,31.487079,上海市,上海市,崇明区,121.79239919828429,31.489062273528805
渔巷农家菜馆,休闲娱乐,其他,121.790671,31.47269,上海市,上海市,崇明区,121.78632200043785,31.47466705102828
旭日葡萄园,休闲娱乐,农家乐,121.790488,31.476033,上海市,上海市,崇明区,121.78613835877208,31.478009175739686
白叔叔宠物店,购物消费,其他,121.804136,31.496121,上海市,上海市,崇明区,121.79981390478311,31.498114646385773
上海黄家小苑民宿酒店,酒店住宿,旅馆,121.753704,31.484157,上海市,上海市,崇明区,121.74930723671905,31.486102858075547
瀛南农家菜馆宾馆,运动健身,其他,121.73804,31.494583,上海市,上海市,崇明区,121.73364019181022,31.496529808022355
山水拾间售楼部,生活服务,其他,121.796672,31.468275,上海市,上海市,崇明区,121.79233565505918,31.47026160561431
山水拾间,商务住宅,住宅区,121.796311,31.46718,上海市,上海市,崇明区,121.79197398028776,31.469166270763132
上海昱淇墅派·腾龙阁园景别墅,运动健身,其他,121.804844,31.475135,上海市,上海市,崇明区,121.80052532444269,31.47713345577902
陈氏电动车修理卖场,购物消费,其他,121.76162,31.485195,上海市,上海市,崇明区,121.75722841093292,31.487142865344516
快递站,生活服务,物流,121.79237,31.47442,上海市,上海市,崇明区,121.78802422304041,31.4763991010052
大龙农家乐停车场,交通设施,停车场,121.801341,31.48667,上海市,上海市,崇明区,121.79701332888185,31.488660595134085
八滧村新时代精神文明实践站,科教文化,其他,121.766991,31.484241,上海市,上海市,崇明区,121.76260462768975,31.4861918462389
奚渔村新时代精神文明实践站,科教文化,其他,121.792872,31.475404,上海市,上海市,崇明区,121.7885271517691,31.477383633808888
上海雷野农科中心,购物消费,其他,121.760976,31.495936,上海市,上海市,崇明区,121.75658296166979,31.49788181499069
上海崇明金茂凯悦酒店停车场,交通设施,停车场,121.799999,31.467209,上海市,上海市,崇明区,121.79566998104859,31.469201004344924
惠贤杂货铺,购物消费,便利店,121.788207,31.472131,上海市,上海市,崇明区,121.78385332133699,31.474104848734942
上海张永祥粮油商行,购物消费,市场,121.763721,31.484154,上海市,上海市,崇明区,121.7593313603441,31.486103021154335
勤奋杂货铺,购物消费,便利店,121.761232,31.485304,上海市,上海市,崇明区,121.75684007909442,31.487251684347374
春阳杂货商行,购物消费,便利店,121.765949,31.483065,上海市,上海市,崇明区,121.76156163487018,31.485015423213987
花影民宿酒店,休闲娱乐,其他,121.757885,31.488009,上海市,上海市,崇明区,121.75349034078391,31.489955056827764
上海崇明金茂凯悦酒店地下停车场,交通设施,停车场,121.800689,31.466624,上海市,上海市,崇明区,121.79636156609479,31.468617225120717
易捷便利店,购物消费,便利店,121.795553,31.477598,上海市,上海市,崇明区,121.79121349605862,31.47958115832114
中国联通营业厅,购物消费,家电数码,121.760509,31.496079,上海市,上海市,崇明区,121.75611557521073,31.498024608961128
崇明凯悦西式餐厅,餐饮美食,其他,121.799855,31.466218,上海市,上海市,崇明区,121.79552574603923,31.468209969332197
协隆村新时代精神文明实践站,生活服务,其他,121.785727,31.478109,上海市,上海市,崇明区,121.781368255474,31.48007857889924
中国石化陈白油站,汽车相关,加油站,121.79557,31.477586,上海市,上海市,崇明区,121.79123053279675,31.479569185971492
伟伟杂货铺,购物消费,便利店,121.750841,31.491364,上海市,上海市,崇明区,121.74644240606466,31.493308430192478
正萍杂货商行,购物消费,便利店,121.767314,31.482401,上海市,上海市,崇明区,121.76292813295588,31.484352371621092
永流杂货商行,购物消费,便利店,121.792098,31.474618,上海市,上海市,崇明区,121.78775166088117,31.476596678914316
美兰商行,购物消费,便利店,121.791498,31.474824,上海市,上海市,崇明区,121.7871504483151,31.476801797614378
珍珍综合经销部,购物消费,便利店,121.792568,31.475496,上海市,上海市,崇明区,121.7882225300368,31.477475182534132
小群理发,生活服务,美容理发,121.792224,31.474573,上海市,上海市,崇明区,121.78787791704944,31.476551865491377
上海朝阳旅游观光垂钓中心,休闲娱乐,农家乐,121.794982,31.470761,上海市,上海市,崇明区,121.7906418812229,31.472744584949798
八效烟杂商行,购物消费,便利店,121.761015,31.485153,上海市,上海市,崇明区,121.75662291448265,31.48710062220719
利芳烟酒杂货铺,购物消费,便利店,121.79245,31.490827,上海市,上海市,崇明区,121.78810299012439,31.492803323678608
上海GoGo的绿色生态岛居生活酒店式公寓,酒店住宿,其他,121.798654,31.467514,上海市,上海市,崇明区,121.79432199587339,31.469503817261646
萍萍烟酒杂货铺,购物消费,便利店,121.792486,31.475628,上海市,上海市,崇明区,121.7881403537008,31.4776070413674
上海吉欣建材加工厂,购物消费,家居建材,121.75718,31.483177,上海市,上海市,崇明区,121.75278528868012,31.485123698330653
小绒杂货商行,购物消费,便利店,121.799292,31.487628,上海市,上海市,崇明区,121.79495968861282,31.489615148695574
鼎贤食品杂货商行,购物消费,便利店,121.760955,31.49596,上海市,上海市,崇明区,121.75656194258478,31.49790580275156
百农乐农资合作社有限责任公司,购物消费,其他,121.792351,31.474327,上海市,上海市,崇明区,121.78800519277237,31.47630609139677
楠楠理发,生活服务,美容理发,121.761572,31.485187,上海市,上海市,崇明区,121.75718037135846,31.48713484636332
上海公路桥梁一集团,公司企业,公司,121.805814,31.494948,上海市,上海市,崇明区,121.80149591379416,31.496944671061087
上海倬赢贸易有限责任公司,公司企业,公司,121.805919,31.495763,上海市,上海市,崇明区,121.80160109132547,31.497759719715948
娟芬日用杂货运营服务社,购物消费,便利店,121.796489,31.488944,上海市,上海市,崇明区,121.79215051170756,31.490926580165922
崇明供销农业生产资料有限责任公司第一百二十经营部,购物消费,其他,121.760998,31.485394,上海市,上海市,崇明区,121.75660588008051,31.487341573719732
宏飞五金配件店,购物消费,家居建材,121.792332,31.47448,上海市,上海市,崇明区,121.7879861416239,31.476459035888332
信一造纸工厂,公司企业,工厂,121.79013,31.46998,上海市,上海市,崇明区,121.78578017640714,31.471956826944886
高邸艺术宫,公司企业,其他,121.793955,31.477867,上海市,上海市,崇明区,121.7896121518525,31.47984774683125
上海萨安防爆电器工厂,公司企业,公司,121.777227,31.488033,上海市,上海市,崇明区,121.77285343086203,31.4899914019139
崇明白山羊养殖厂,公司企业,农林牧渔,121.773119,31.487549,上海市,上海市,崇明区,121.76873969410302,31.48950375664194
海叔叔的农庄,公司企业,农林牧渔,121.77392,31.489774,上海市,上海市,崇明区,121.76954157852137,31.491729063805774
上海崇明兴昌综合经销部,购物消费,家居建材,121.796112,31.479042,上海市,上海市,崇明区,121.79177355225661,31.481025736723186
普天公共充电站,汽车相关,充电站,121.799976,31.465948,上海市,上海市,崇明区,121.79564703691717,31.467940215453634
上海爱久马术俱乐部,运动健身,马术&赛马,121.80056,31.46665,上海市,上海市,崇明区,121.7962322759495,31.46864301248685
上海昊南特种电机有限责任公司,公司企业,公司,121.744833,31.487073,上海市,上海市,崇明区,121.74043342089047,31.489018737966177
佳胜果蔬种植专业农业合作社,公司企业,农林牧渔,121.75949,31.478713,上海市,上海市,崇明区,121.75509727541296,31.480661191880493
汽车公共充电站,汽车相关,充电站,121.799899,31.466042,上海市,上海市,崇明区,121.7955698583656,31.4680340741266
上海建工,公司企业,公司,121.756448,31.47972,上海市,上海市,崇明区,121.75205312468283,31.48166713347195
陈家镇社区卫生中心八滧村中心卫生室,医疗保健,诊所,121.766848,31.484025,上海市,上海市,崇明区,121.76246149336642,31.48597579527827
博鳌混凝土制品公司,公司企业,公司,121.754919,31.480368,上海市,上海市,崇明区,121.75052318702981,31.482314708878615
上海天和制药机械厂,公司企业,公司,121.79967,31.487228,上海市,上海市,崇明区,121.7953385558758,31.489215815888848
上海天和制药机械厂,公司企业,工厂,121.799696,31.487134,上海市,上海市,崇明区,121.79536462129754,31.48912187323167
上海崇明金茂凯悦酒店专用停车场,交通设施,停车场,121.799938,31.467156,上海市,上海市,崇明区,121.7956088503517,31.46914791740942
上海崇明金茂凯悦酒店地下专用停车场,交通设施,停车场,121.800639,31.466625,上海市,上海市,崇明区,121.796311454357,31.46861814444755
金茂凯悦豪华酒店大堂,酒店住宿,其他,121.800004,31.46626,上海市,上海市,崇明区,121.79567507254777,31.46825219863255
上海崇明金茂凯悦豪华酒店大堂吧,餐饮美食,咖啡,121.799688,31.466594,上海市,上海市,崇明区,121.79535834488469,31.468585629637335
品悦中餐馆,餐饮美食,中国菜,121.800128,31.466369,上海市,上海市,崇明区,121.7957993384139,31.4683613752378
招呼站,交通设施,公交站,121.608882,31.431222,上海市,上海市,崇明区,121.60466328146332,31.433364584793136
石沙村七队,交通设施,公交站,121.583128,31.439841,上海市,上海市,崇明区,121.57890081842925,31.44197959853651
石沙村一队,交通设施,公交站,121.59864,31.43632,上海市,上海市,崇明区,121.59442176229649,31.43846410145145
创建水闸,交通设施,公交站,121.613439,31.428986,上海市,上海市,崇明区,121.60921846749325,31.431126505884
石沙村,交通设施,公交站,121.591807,31.437893,上海市,上海市,崇明区,121.58758633968974,31.440036006411216
潘圆公路创中路,交通设施,公交站,121.619467,31.426819,上海市,上海市,崇明区,121.61524258505072,31.428955320872376
潘圆公路创新路,交通设施,公交站,121.626187,31.424323,上海市,上海市,崇明区,121.6219564917719,31.426453117978674
潘圆公路青草沙路,交通设施,公交站,121.605258,31.434381,上海市,上海市,崇明区,121.60103991890732,31.43652430622377
潘圆公路创建路,交通设施,公交站,121.609104,31.431176,上海市,上海市,崇明区,121.60488521000022,31.43331848772117
河边农家小院,酒店住宿,其他,121.632685,31.428167,上海市,上海市,崇明区,121.62844646904053,31.430288148608604
上海葳蕤酒店,酒店住宿,旅馆,121.641018,31.42914,上海市,上海市,崇明区,121.63676750427842,31.43124884635409
大田•长字,酒店住宿,其他,121.64047,31.429148,上海市,上海市,崇明区,121.63622034672008,31.431257692673885
长字酒店,酒店住宿,其他,121.640311,31.429064,上海市,上海市,崇明区,121.63606159685975,31.431173957905976
上海大田民宿酒店,酒店住宿,其他,121.641475,31.429289,上海市,上海市,崇明区,121.63722378260489,31.431397097231468
沈家源民宿酒店,酒店住宿,旅馆,121.641912,31.425401,上海市,上海市,崇明区,121.63766042459703,31.42750936652044
城投原水,公司企业,公司,121.606891,31.444179,上海市,上海市,崇明区,121.60267177403614,31.446319447751023
大田•宇静,酒店住宿,旅馆,121.6411,31.428773,上海市,上海市,崇明区,121.63684940813108,31.430881808263226
格物居民宿酒店,酒店住宿,其他,121.615198,31.437208,上海市,上海市,崇明区,121.61097575965461,31.43934531210283
昊逸居旅馆,酒店住宿,旅馆,121.637759,31.423037,上海市,上海市,崇明区,121.63351390667837,31.425152291927134
伊诺咖啡,餐饮美食,咖啡,121.615176,31.423061,上海市,上海市,崇明区,121.61095495202979,31.425201755356795
一龙果蔬园,购物消费,市场,121.607715,31.440758,上海市,上海市,崇明区,121.60349584500547,31.442898879772045
虹霓雅园,休闲娱乐,其他,121.641543,31.427632,上海市,上海市,崇明区,121.63729181523118,31.429740395656562
善好食品百货超级市场,购物消费,其他,121.612786,31.430064,上海市,上海市,崇明区,121.60856572229808,31.4322046705438
垂钓中心,休闲娱乐,农家乐,121.604603,31.435665,上海市,上海市,崇明区,121.60038490786687,31.437808210958504
长兴镇创建村卫生院,医疗保健,诊所,121.621984,31.42996,上海市,上海市,崇明区,121.61775717309055,31.432093183640717
长兴岛影像馆,生活服务,摄影打印,121.64145,31.427443,上海市,上海市,崇明区,121.63719897597541,31.429551587671554
群众健身房,运动健身,健身中心,121.59132,31.438067,上海市,上海市,崇明区,121.5870990710925,31.440209834256482
石沙村新时代精神文明实践站,科教文化,其他,121.590032,31.438673,上海市,上海市,崇明区,121.58581028989165,31.44081529375235
创建村新时代精神文明实践站,科教文化,其他,121.618932,31.42593,上海市,上海市,崇明区,121.61470808253613,31.428067014376396
熙园相聚鱼家乐,运动健身,其他,121.601384,31.43365,上海市,上海市,崇明区,121.59716624403431,31.435794442852423
龚美弟食品商行,购物消费,便利店,121.633335,31.429826,上海市,上海市,崇明区,121.62909548023515,31.431945871415948
海笑图文,生活服务,其他,121.591619,31.440294,上海市,上海市,崇明区,121.58739804301729,31.44243640218588
Show Team音乐独立工作室,科教文化,其他,121.60673,31.433784,上海市,上海市,崇明区,121.6025116780091,31.435926914502193
长兴镇建新村卫生院,医疗保健,诊所,121.634519,31.425212,上海市,上海市,崇明区,121.63027828179331,31.427331383099144
便民超级市场,购物消费,便利店,121.591563,31.438217,上海市,上海市,崇明区,121.5873421869072,31.440359866486357
崇明县建新食品商行,购物消费,便利店,121.634868,31.424993,上海市,上海市,崇明区,121.63062682472687,31.427111952098063
俞峰食品商行,购物消费,便利店,121.591574,31.438239,上海市,上海市,崇明区,121.58735319081116,31.440381864352943
银色港湾石沙村党群服务站,生活服务,其他,121.591438,31.438058,上海市,上海市,崇明区,121.58721713452758,31.44020086924396
理发,生活服务,美容理发,121.590994,31.438165,上海市,上海市,崇明区,121.58677288603369,31.440307717347363
长兴镇石沙村综合文化中心,科教文化,其他,121.590268,31.438582,上海市,上海市,崇明区,121.58604643774036,31.44072439372229
南环河泵闸,公司企业,公司,121.580004,31.437789,上海市,上海市,崇明区,121.57577374952035,31.439925812225354
上海银鳞水产有限责任公司,公司企业,公司,121.584326,31.441773,上海市,上海市,崇明区,121.5800997663479,31.443911906013906
上海园圩园林绿化有限责任公司,公司企业,公司,121.582152,31.438606,上海市,上海市,崇明区,121.5779239631734,31.44074422475203
上海已陌信息科技有限责任公司,公司企业,公司,121.606695,31.433832,上海市,上海市,崇明区,121.60247668212183,31.4359749168345
上海瑞深商贸有限责任公司,公司企业,公司,121.612861,31.431771,上海市,上海市,崇明区,121.60864054148637,31.43391121054877
长兴镇石沙村卫生院,医疗保健,诊所,121.590584,31.438428,上海市,上海市,崇明区,121.58636263390231,31.440570531107067
开心农庄,公司企业,公司,121.582393,31.443222,上海市,上海市,崇明区,121.57816481948093,31.44535933573656
上海正泰农业科技有限责任公司,公司企业,农林牧渔,121.604416,31.434505,上海市,上海市,崇明区,121.60019802805306,31.436648540788482
上海擎天现代农业专业农业合作社,公司企业,农林牧渔,121.582373,31.443331,上海市,上海市,崇明区,121.57814479049047,31.445468297396307
上海长久混凝土制品有限责任公司,公司企业,公司,121.61211,31.428468,上海市,上海市,崇明区,121.60789019177076,31.4306094827483
新河轮站,交通设施,港口码头,121.509895,31.570561,上海市,上海市,崇明区,121.50547046521591,31.572529928517255
招呼站,交通设施,公交站,121.565625,31.568069,上海市,上海市,崇明区,121.56136252343573,31.570170167339334
新东河路,交通设施,公交站,121.538964,31.564815,上海市,上海市,崇明区,121.53463693763327,31.566864388050817
新东路,交通设施,公交站,121.538554,31.561394,上海市,上海市,崇明区,121.53422601116536,31.56344265214352
朱杨弄,交通设施,公交站,121.560582,31.57038,上海市,上海市,崇明区,121.55630943673447,31.572473268622005
竖河镇敬老院,交通设施,公交站,121.565727,31.568064,上海市,上海市,崇明区,121.56146471140389,31.570165313246566
公厕,生活服务,公厕,121.534464,31.568444,上海市,上海市,崇明区,121.53012298285539,31.570481963501553
上海那些年民宿酒店,酒店住宿,旅馆,121.569793,31.563682,上海市,上海市,崇明区,121.56553814161158,31.565789066673727
上海缘来居民宿酒店,酒店住宿,其他,121.565666,31.567316,上海市,上海市,崇明区,121.56140366213715,31.569417278334576
上海一丁乡舍,酒店住宿,旅馆,121.566839,31.550557,上海市,上海市,崇明区,121.56258019310435,31.552661270388473
沈探花馆,旅游景点,其他,121.565779,31.552029,上海市,上海市,崇明区,121.5615181533912,31.55413165414625
上海倪家院子民宿酒店,酒店住宿,旅馆,121.553052,31.569125,上海市,上海市,崇明区,121.54876259261427,31.571204873570775
新河车客渡码头,交通设施,港口码头,121.508288,31.568539,上海市,上海市,崇明区,121.50385785787071,31.570503255597725
好药师大药房,医疗保健,医药销售,121.555825,31.558835,上海市,上海市,崇明区,121.55154299470786,31.560920859583135
聪明湾,酒店住宿,其他,121.569634,31.542585,上海市,上海市,崇明区,121.56538065052561,31.544693714090098
陈家院子-瀛州馨宿,酒店住宿,其他,121.551634,31.568828,上海市,上海市,崇明区,121.54734114770604,31.57090511021518
小岛适家·Homestay民宿酒店,酒店住宿,旅馆,121.555935,31.554143,上海市,上海市,崇明区,121.5516536419349,31.556229451777348
三毛烧烤,餐饮美食,中国菜,121.554919,31.554502,上海市,上海市,崇明区,121.55063526128207,31.556586545918176
上海小晖晖度假别墅,酒店住宿,其他,121.566703,31.550536,上海市,上海市,崇明区,121.56244395207811,31.55264008457168
新河,交通设施,轮渡,121.508224,31.568544,上海市,上海市,崇明区,121.50379362682389,31.570508063339563
竖新幼稚园分园,科教文化,幼儿园,121.562834,31.560188,上海市,上海市,崇明区,121.55856685998431,31.562285596780942
上海一丁乡舍田园风情精品民宿油桥店,酒店住宿,其他,121.566797,31.550529,上海市,上海市,崇明区,121.56253812057169,31.552633215040224
崇明县振怡酒店,酒店住宿,旅馆,121.555112,31.554938,上海市,上海市,崇明区,121.55082867456,31.557022867873886
上海船厂技工学堂,科教文化,其他,121.55458,31.552746,上海市,上海市,崇明区,121.55029561479986,31.554830064004946
顺丰速运堡镇营业点,生活服务,物流,121.559561,31.570333,上海市,上海市,崇明区,121.55528629242932,31.572424576250693
三毛超市,购物消费,其他,121.554672,31.5527,上海市,上海市,崇明区,121.55038783473523,31.554784240684604
大帅餐馆,餐饮美食,中国菜,121.555766,31.557046,上海市,上海市,崇明区,121.55148400976745,31.559131897482523
上海绿晟实业有限责任公司,公司企业,公司,121.515109,31.568955,上海市,上海市,崇明区,121.51070318559276,31.570939474512127
天天草莓采摘基地,运动健身,其他,121.56068,31.570154,上海市,上海市,崇明区,121.55640765940352,31.572247444152186
上海燃气,生活服务,其他,121.557971,31.563383,上海市,上海市,崇明区,121.55369343655595,31.565472342897177
嘉美烟杂货商行,购物消费,便利店,121.540785,31.568248,上海市,上海市,崇明区,121.53646297919435,31.570301494013535
乐乐果园,购物消费,市场,121.555411,31.557598,上海市,上海市,崇明区,121.5511281445297,31.559683199123732
春雷食品商行,购物消费,便利店,121.55488,31.554327,上海市,上海市,崇明区,121.5505961848881,31.556411488184064
金智再生资源回收运营服务站,生活服务,其他,121.538283,31.559681,上海市,上海市,崇明区,121.53395434931724,31.561729127142982
三子日杂经销部,购物消费,其他,121.567302,31.567463,上海市,上海市,崇明区,121.56304259369966,31.569566546258933
油桥综合为老服务运营中心,生活服务,其他,121.56885,31.549945,上海市,上海市,崇明区,121.56459472882568,31.55205200895036
中国人民保险公司,金融机构,其他,121.554897,31.554291,上海市,上海市,崇明区,121.55061322764924,31.556375523009056
三烈村三农金融保险运营服务站,金融机构,其他,121.535277,31.568151,上海市,上海市,崇明区,121.53093852088861,31.570191043524797
佳飞食品经销部,购物消费,便利店,121.565109,31.569415,上海市,上海市,崇明区,121.5608454538728,31.57151533219325
上海华亨电器工厂,公司企业,工厂,121.559302,31.569877,上海市,上海市,崇明区,121.55502677819912,31.571968169825794
二手车出售,汽车相关,其他,121.547001,31.556433,上海市,上海市,崇明区,121.54269727671262,31.558501442896397
绿盛食品有限责任公司,公司企业,公司,121.516599,31.569192,上海市,上海市,崇明区,121.51219841408046,31.571180812645338
上海三烈标准件有限责任公司,公司企业,公司,121.566573,31.568734,上海市,上海市,崇明区,121.56231219123576,31.57083645736898
上海农商银行24小时ATM,金融机构,ATM,121.555135,31.554536,上海市,上海市,崇明区,121.55085176191896,31.55662094496899
风尚形象沙龙,生活服务,美容理发,121.555279,31.557114,上海市,上海市,崇明区,121.55099587941726,31.55919899493232
南新肉鸽鸽场,公司企业,农林牧渔,121.566319,31.548015,上海市,上海市,崇明区,121.56205947329259,31.550118782898643
上海新华钢铁有限责任公司码头,公司企业,其他,121.525016,31.561272,上海市,上海市,崇明区,121.52064502855549,31.563285335725514
上海船厂物资部,公司企业,公司,121.53867,31.55403,上海市,上海市,崇明区,121.53434297912304,31.55607953629511
上海奥稳自动化仪表制造有限责任公司,公司企业,公司,121.56458,31.569441,上海市,上海市,崇明区,121.56031545778133,31.571540556848987
上海崇明兴油桥餐饮管理服务有限责任公司,公司企业,公司,121.568715,31.5499,上海市,上海市,崇明区,121.56445950491803,31.552006838442814
上海宁昕林生态农业专业农业合作社,公司企业,农林牧渔,121.518106,31.570198,上海市,上海市,崇明区,121.51371060315093,31.57219111798499
上海船厂船舶有限责任公司,公司企业,公司,121.554887,31.552567,上海市,上海市,崇明区,121.55060334941949,31.55465165456505
竖新镇油桥村中心卫生院,医疗保健,诊所,121.566632,31.551046,上海市,上海市,崇明区,121.56237278216443,31.55314994014763
煌浦建设咨询有限责任公司崇明生态大道水系路网调整,公司企业,公司,121.534414,31.56833,上海市,上海市,崇明区,121.530072837302,31.570367844069313
上海油桥金属制品有限责任公司,公司企业,公司,121.566894,31.551748,上海市,上海市,崇明区,121.56263519107547,31.553852238937996
横沙岛湿地公园,旅游景点,景点,121.888608,31.33477,上海市,上海市,崇明区,121.88448289856072,31.336935997400655
民星小店,交通设施,公交站,121.833745,31.368919,上海市,上海市,崇明区,121.82950770952539,31.37099741974661
民星六路,交通设施,公交站,121.835076,31.358199,上海市,上海市,崇明区,121.83084301174556,31.3602833953313
江海七队,交通设施,公交站,121.817465,31.371564,上海市,上海市,崇明区,121.81318578568921,31.373610878264742
富民,交通设施,公交站,121.812136,31.371064,上海市,上海市,崇明区,121.80784356499038,31.37310129968902
民生一路,交通设施,公交站,121.812565,31.34973,上海市,上海市,崇明区,121.80827541329568,31.3517750588871
招呼站,交通设施,公交站,121.830635,31.37261,上海市,上海市,崇明区,121.82638941103474,31.374681376907244
招呼站,交通设施,公交站,121.83504,31.358629,上海市,上海市,崇明区,121.83080688383062,31.36071318586036
江海村,交通设施,公交站,121.825457,31.372275,上海市,上海市,崇明区,121.82119810817723,31.374336662048997
民星村,交通设施,公交站,121.834491,31.36324,上海市,上海市,崇明区,121.83025609464677,31.36532164642628
富民村,交通设施,公交站,121.812367,31.371048,上海市,上海市,崇明区,121.80807513353983,31.373085720314137
红星村,交通设施,公交站,121.835996,31.353158,上海市,上海市,崇明区,121.83176578098296,31.35524580000228
中国石化红星油站,汽车相关,加油站,121.836296,31.350792,上海市,上海市,崇明区,121.83206674297564,31.35288115994908
红星村,交通设施,公交站,121.836008,31.352854,上海市,上海市,崇明区,121.83177783695231,31.35494192469315
打捞局,交通设施,公交站,121.810857,31.357461,上海市,上海市,崇明区,121.80656258380138,31.359500403728163
殡仪馆,交通设施,公交站,121.830781,31.372578,上海市,上海市,崇明区,121.82653578944105,31.374649663548773
民星村,交通设施,公交站,121.834494,31.363254,上海市,上海市,崇明区,121.83025910115417,31.365335647531477
红星村,交通设施,公交站,121.836091,31.352844,上海市,上海市,崇明区,121.83186104935807,31.35493208346744
江海村,交通设施,公交站,121.825078,31.372239,上海市,上海市,崇明区,121.82081813687869,31.374299955471276
富民村,交通设施,公交站,121.811433,31.370983,上海市,上海市,崇明区,121.80713885050965,31.373019064523305
江海七队,交通设施,公交站,121.817438,31.371518,上海市,上海市,崇明区,121.81315872152545,31.373564842702013
民星六路,交通设施,公交站,121.835097,31.358217,上海市,上海市,崇明区,121.83086406390672,31.360301428828993
民星小店,交通设施,公交站,121.833776,31.368914,上海市,上海市,崇明区,121.82953878939469,31.370992479760336
静修寺庙,旅游景点,宗教,121.826802,31.351719,上海市,上海市,崇明区,121.82254829022045,31.35378990535448
公厕,生活服务,公厕,121.812039,31.370989,上海市,上海市,崇明区,121.80774633335857,31.373026148990796
上海奕居花园民宿酒店,酒店住宿,旅馆,121.832236,31.368196,上海市,上海市,崇明区,121.82799489742712,31.370271800777182
上海天阳农舍特色民宿酒店,酒店住宿,其他,121.866492,31.350915,上海市,上海市,崇明区,121.86233225410821,31.353054099795077
上海路青别墅,酒店住宿,其他,121.844577,31.35657,上海市,上海市,崇明区,121.84036802276096,31.358672416487007
乔家小院,餐饮美食,其他,121.839085,31.360941,上海市,上海市,崇明区,121.8348619695566,31.363031971101382
上海民东牧场休闲度假园,休闲娱乐,其他,121.864262,31.351259,上海市,上海市,崇明区,121.86009784850364,31.35339495358033
上海九七民宿酒店,酒店住宿,旅馆,121.822677,31.361461,上海市,上海市,崇明区,121.81841188106112,31.36352086524674
上海岛上1121民宿酒店,酒店住宿,旅馆,121.822917,31.361674,上海市,上海市,崇明区,121.81865247766882,31.36373424844658
五八旅馆,酒店住宿,旅馆,121.812564,31.357492,上海市,上海市,崇明区,121.8082737581698,31.35953445289881
留園民宿,酒店住宿,旅馆,121.833774,31.353388,上海市,上海市,崇明区,121.82953808160572,31.355471547506447
崇明南菁小院民宿,酒店住宿,其他,121.824262,31.360805,上海市,上海市,崇明区,121.82000099920438,31.362868073124233
上海三零一民宿酒店,酒店住宿,其他,121.811345,31.371205,上海市,上海市,崇明区,121.80705061688184,31.373240837267762
九七民宿,酒店住宿,其他,121.840768,31.368517,上海市,上海市,崇明区,121.83654857103767,31.37060862835728
九七民宿民星店,酒店住宿,其他,121.833958,31.353908,上海市,上海市,崇明区,121.8297225095824,31.355991719756588
上海南菁小院,酒店住宿,其他,121.828426,31.354103,上海市,上海市,崇明区,121.82417627194903,31.356176184502008
草莓桃子采摘基地,运动健身,其他,121.838991,31.368392,上海市,上海市,崇明区,121.83476711059349,31.370480394254447
袁袁农家菜馆垂钓中心,休闲娱乐,其他,121.822349,31.360954,上海市,上海市,崇明区,121.81808308430817,31.363013412574613
尚友别园,酒店住宿,其他,121.864046,31.351318,上海市,上海市,崇明区,121.85988141123158,31.353453632833467
凡馨农家菜馆,休闲娱乐,其他,121.827502,31.354529,上海市,上海市,崇明区,121.8232498569874,31.356600288800465
根苗包子店,餐饮美食,其他,121.874201,31.353864,上海市,上海市,崇明区,121.87005482684225,31.356011436110922
春晓农场,休闲娱乐,其他,121.858079,31.366698,上海市,上海市,崇明区,121.85390064326126,31.368819783507632
富悦农家菜馆,休闲娱乐,其他,121.807042,31.370618,上海市,上海市,崇明区,121.80273731242266,31.37264645872254
富民小学,科教文化,小学,121.813279,31.371302,上海市,上海市,崇明区,121.80898935896994,31.373341287377897
上海天阳农舍度假别墅,酒店住宿,其他,121.867087,31.351197,上海市,上海市,崇明区,121.86292837125444,31.353336788864706
横沙民主中心卫生院,医疗保健,诊所,121.861775,31.35476,上海市,上海市,崇明区,121.8576054934291,31.35689123770564
繁思·学舍,科教文化,其他,121.850155,31.348232,上海市,上海市,崇明区,121.84596016305342,31.350346985901012
横沙红星村中心卫生院,医疗保健,诊所,121.829484,31.354402,上海市,上海市,崇明区,121.82523697135171,31.356477091477167
富民村中心卫生院,医疗保健,诊所,121.812173,31.370938,上海市,上海市,崇明区,121.80788066639137,31.372975405891633
民东村新时代精神文明实践站,科教文化,其他,121.862156,31.354214,上海市,上海市,崇明区,121.85798732673207,31.35634597300013
富民村新时代精神文明实践站,科教文化,其他,121.811516,31.371207,上海市,上海市,崇明区,121.80722203449481,31.373243142521996
上海飒溪文化传播有限责任公司,科教文化,其他,121.830575,31.361353,上海市,上海市,崇明区,121.82633019837948,31.363427862463038
永兴轧米加工厂,生活服务,其他,121.835788,31.355151,上海市,上海市,崇明区,121.83155708416834,31.357237742883658
江海村党群建设服务中心,生活服务,其他,121.82494,31.372441,上海市,上海市,崇明区,121.82067976529265,31.37450163087544
永发村党群建设服务中心,生活服务,其他,121.828817,31.356945,上海市,上海市,崇明区,121.8245680410489,31.359017979135576
永胜村精神文明实践站,科教文化,其他,121.843746,31.355806,上海市,上海市,崇明区,121.83953504001043,31.357907178649782
横沙乡永发村新时代精神文明实践站,科教文化,其他,121.828772,31.35697,上海市,上海市,崇明区,121.8245229230717,31.359042885472785
横沙乡民建村新时代精神文明实践站,科教文化,其他,121.86564,31.349244,上海市,上海市,崇明区,121.86147873901628,31.351382526344956
灌鑫实业,公司企业,公司,121.827965,31.369386,上海市,上海市,崇明区,121.82371280543293,31.371453328510828
横沙联勤,公司企业,公司,121.844575,31.356092,上海市,上海市,崇明区,121.84036605764982,31.358194571772675
上海创朽商贸有限责任公司,公司企业,公司,121.829826,31.353814,上海市,上海市,崇明区,121.82557990104821,31.355889937002306
云芬杂货铺,购物消费,便利店,121.834836,31.361792,上海市,上海市,崇明区,121.83060209813517,31.36387476581842
美丽理发美容店,生活服务,美容理发,121.835712,31.355208,上海市,上海市,崇明区,121.8314808855222,31.357294581419346
上海鋆翌图文设计有限责任公司,公司企业,公司,121.829807,31.353851,上海市,上海市,崇明区,121.8255608490396,31.35592688856914
上海申泓科技发展有限责任公司,公司企业,公司,121.829738,31.353825,上海市,上海市,崇明区,121.82549167357591,31.3559007664427
上海达然医疗科技有限责任公司,公司企业,公司,121.829351,31.354087,上海市,上海市,崇明区,121.82510365524999,31.356161944674685
上海阿公网络科技有限责任公司,公司企业,公司,121.829812,31.353825,上海市,上海市,崇明区,121.82556586408639,31.35590090676713
上海塑橘农业发展有限责任公司,公司企业,公司,121.840542,31.368651,上海市,上海市,崇明区,121.83632199312322,31.370742171061384
上海魅祁信息科技有限责任公司,公司企业,公司,121.828243,31.36258,上海市,上海市,崇明区,121.82399209121014,31.364650040174265
上海阿特森瓜果专业农业合作社,公司企业,农林牧渔,121.866513,31.348188,上海市,上海市,崇明区,121.8623535202298,31.350328055696338
公厕,生活服务,公厕,121.950666,31.492579,上海市,上海市,崇明区,121.94649515475706,31.494654147202603
98大堤,旅游景点,其他,121.951791,31.492595,上海市,上海市,崇明区,121.9476178293213,31.494667755022714
专用停车场,交通设施,停车场,121.950613,31.492632,上海市,上海市,崇明区,121.94644225853773,31.494707249983705
日出点,餐饮美食,其他,121.887288,31.441185,上海市,上海市,崇明区,121.88315270532786,31.443318940453352
东滩湿地新钓鱼场,运动健身,其他,121.88784,31.476432,上海市,上海市,崇明区,121.88370238751408,31.478558993673374
上海崇明东滩鸟类国家级自然保护区专用停车场,交通设施,停车场,121.949948,31.492812,上海市,上海市,崇明区,121.94577859107254,31.494888610420386
农业公司,公司企业,公司,121.891433,31.480598,上海市,上海市,崇明区,121.88729859795397,31.482726079418203
上海崇明东滩鸟类国家级自然保护区停车场,交通设施,停车场,121.948613,31.493129,上海市,上海市,崇明区,121.9444462133769,31.495208300266597
上实现代农业2号区,公司企业,农林牧渔,121.896713,31.487152,上海市,上海市,崇明区,121.89258215876167,31.489280670635633
上海百农农业科技发展股份有限责任公司,公司企业,公司,121.905581,31.473786,上海市,上海市,崇明区,121.90145502542372,31.4759172733452
上海崇明东滩鸟类国家级自然环境保护区长江路访客中心,生活服务,信息咨询中心,121.950356,31.492592,上海市,上海市,崇明区,121.94618578484013,31.494667795568382
东滩湿地公园,旅游景点,公园,121.951271,31.517016,上海市,上海市,崇明区,121.947096875325,31.519086243088147
上海崇明东滩鸟类国家级自然保护区,旅游景点,景点,121.959114,31.496943,上海市,上海市,崇明区,121.95492410729625,31.498998442180696
立新村,交通设施,公交站,121.887908,31.523501,上海市,上海市,崇明区,121.88376655906339,31.525620766225774
大石头标志石,旅游景点,其他,121.959971,31.510103,上海市,上海市,崇明区,121.95577796110102,31.512154411102433
观海楼游艇码头,交通设施,港口码头,121.958119,31.521361,上海市,上海市,崇明区,121.95392941139987,31.52341531492267
上海东滩绿港农业展示馆,科教文化,会展展览,121.907594,31.509616,上海市,上海市,崇明区,121.9034653519772,31.511740928726844
雨水收集区-休息处,生活服务,其他,121.955316,31.517226,上海市,上海市,崇明区,121.95113315976292,31.51928733155689
东旺沙港,交通设施,港口码头,121.914994,31.56872,上海市,上海市,崇明区,121.91085970264257,31.570835524613386
家有民宿酒店,酒店住宿,旅馆,121.888374,31.523589,上海市,上海市,崇明区,121.88423304567863,31.52570902231953
姐弟农家菜馆,餐饮美食,其他,121.88825,31.524165,上海市,上海市,崇明区,121.88410886745045,31.526284880536913
前哨农庄,公司企业,其他,121.908198,31.510535,上海市,上海市,崇明区,121.90406932228618,31.512659631586207
锦鸿休闲农场,休闲娱乐,其他,121.892931,31.523193,上海市,上海市,崇明区,121.88879437082036,31.52531521833031
上实东滩果蔬采摘基地,休闲娱乐,农家乐,121.907896,31.513177,上海市,上海市,崇明区,121.90376708265214,31.515301348874733
旺东农家菜馆,餐饮美食,中国菜,121.888398,31.523613,上海市,上海市,崇明区,121.88425706885315,31.52573303284803
小桃篱,酒店住宿,其他,121.887408,31.517873,上海市,上海市,崇明区,121.88326648482439,31.519993191846876
聪明农家乐,休闲娱乐,其他,121.888378,31.523145,上海市,上海市,崇明区,121.88423708670513,31.525265080025076
阿拉善SEE崇明自然教育基地,科教文化,其他,121.887341,31.518198,上海市,上海市,崇明区,121.88319938448971,31.520318108634797
立新村新时代精神文明实践站,科教文化,其他,121.886405,31.514438,上海市,上海市,崇明区,121.88226264980915,31.516558027893247
上实现代农业园区,公司企业,农林牧渔,121.907118,31.506969,上海市,上海市,崇明区,121.90298952119335,31.509094429597113
上海燃气,生活服务,其他,121.889349,31.523543,上海市,上海市,崇明区,121.88520905026364,31.52566355859243
崇明东滩鸟类科教基地-3号馆,科教文化,其他,121.962397,31.51035,上海市,上海市,崇明区,121.95819800461847,31.512395429811843
崇明东滩鸟类科教基地-2号馆,科教文化,其他,121.963365,31.510059,上海市,上海市,崇明区,121.95916360419155,31.51210204999481
崇明东滩鸟类科教基地-4号馆,科教文化,其他,121.961427,31.510481,上海市,上海市,崇明区,121.95723039156593,31.512528809938964
崇明东滩鸟类科教基地-1号馆,科教文化,其他,121.962268,31.509363,上海市,上海市,崇明区,121.9580694078963,31.511408890494756
崇明县良舟超级市场,购物消费,超市,121.912349,31.519231,上海市,上海市,崇明区,121.90821940461204,31.52135285916189
上实苗木基地,公司企业,农林牧渔,121.910049,31.506713,上海市,上海市,崇明区,121.90592066232716,31.508837565667616
崇明东滩鸟类科普基地,科教文化,其他,121.962241,31.509967,上海市,上海市,崇明区,121.9580424244554,31.51201287165311
上海获实食品有限责任公司,公司企业,公司,121.912047,31.527,上海市,上海市,崇明区,121.90791680574009,31.529121028518766
上海国华蟹业,公司企业,公司,121.890962,31.537946,上海市,上海市,崇明区,121.88682241326471,31.540065685871628
腾飞网络商行,购物消费,便利店,121.8888,31.523636,上海市,上海市,崇明区,121.88465948448795,31.52575625298216
上实现代农业农机管理站,公司企业,公司,121.910821,31.513829,上海市,上海市,崇明区,121.90669202981852,31.515952257611833
道宏水产养殖东滩基地,公司企业,农林牧渔,121.95651,31.542395,上海市,上海市,崇明区,121.95232236657557,31.544450661348915
上实现代农业8号区,公司企业,农林牧渔,121.913866,31.52483,上海市,上海市,崇明区,121.90973564283598,31.52695037320159
五滧养殖厂,公司企业,农林牧渔,121.88782,31.541423,上海市,上海市,崇明区,121.88367697741394,31.543540680597356
中国电信营业厅崇明海缆登陆局,公司企业,公司,121.913198,31.522044,上海市,上海市,崇明区,121.9090680197696,31.52416507606273
东旺沙农用物资购销中心,购物消费,其他,121.913099,31.516436,上海市,上海市,崇明区,121.90896950403928,31.518557856546586
中国电信营业厅,公司企业,公司,121.912648,31.524858,上海市,上海市,崇明区,121.90851788925093,31.52697900202332
上实现代农业生产技术中心,公司企业,公司,121.91051,31.51395,上海市,上海市,崇明区,121.9063810409566,31.516073365942766
上海上实现代农业开发有限责任公司,公司企业,公司,121.91138,31.516957,上海市,上海市,崇明区,121.90725071992495,31.519079600048666
风雨桥,旅游景点,其他,121.951558,31.514075,上海市,上海市,崇明区,121.94738352520173,31.516145027932183
莲花池,旅游景点,其他,121.952124,31.512385,上海市,上海市,崇明区,121.94794848221125,31.514454046086932
荷花池,旅游景点,其他,121.953046,31.513513,上海市,上海市,崇明区,121.94886843167332,31.51557988784633
东滩湿地-竹海,旅游景点,其他,121.955782,31.521418,上海市,上海市,崇明区,121.95159776612549,31.523477727249038
雨水收集区,旅游景点,其他,121.95411,31.520633,上海市,上海市,崇明区,121.94992953728092,31.522696594392805
卧波桥,旅游景点,其他,121.942098,31.515476,上海市,上海市,崇明区,121.93794115984036,31.51756438543175
东滩湿地-定水桥,旅游景点,其他,121.941423,31.516386,上海市,上海市,崇明区,121.93726719742496,31.518475454652936
东滩湿地-长滩桥,旅游景点,其他,121.950469,31.518129,上海市,上海市,崇明区,121.9462964279118,31.520200789166015
东滩湿地-有林湿地,旅游景点,其他,121.944569,31.51435,上海市,上海市,崇明区,121.94040799935583,31.516434022617393
上海上实现代农业开发有限责任公司名特优水产繁养基地,公司企业,公司,121.906277,31.499474,上海市,上海市,崇明区,121.90214902461287,31.501600743106223
东滩湿地西门停车场,交通设施,停车场,121.93953,31.516176,上海市,上海市,崇明区,121.93537722324167,31.51826872608623
正板桥,旅游景点,其他,121.95729,31.518103,上海市,上海市,崇明区,121.95310260821739,31.5201596795962
湿地景观区-桥,旅游景点,其他,121.942893,31.513684,上海市,上海市,崇明区,121.93873497068269,31.515771202601833
如意桥,旅游景点,其他,121.957314,31.516732,上海市,上海市,崇明区,121.95312666734496,31.518788805207663
亲水木步道,旅游景点,其他,121.944836,31.515442,上海市,上海市,崇明区,121.9406744321963,31.51752537234134
射箭馆,旅游景点,其他,121.957333,31.514676,上海市,上海市,崇明区,121.95314579518288,31.516733037597778
雨水收集区-观景平台,旅游景点,其他,121.95669,31.521125,上海市,上海市,崇明区,121.95250373281263,31.523182680042655
鸟类科普点,旅游景点,其他,121.95536,31.513914,上海市,上海市,崇明区,121.95117733796418,31.51597567811453
东滩湿地-三石林,旅游景点,其他,121.944497,31.515747,上海市,上海市,崇明区,121.94033601100585,31.51783096843176
归去来栖自然中心,旅游景点,其他,121.960245,31.506423,上海市,上海市,崇明区,121.95605160850116,31.50847427811661
国航凤凰林,旅游景点,其他,121.942582,31.514437,上海市,上海市,崇明区,121.93842443501651,31.516524660745496
东滩湿地-电动游览车起止点,旅游景点,其他,121.942771,31.513374,上海市,上海市,崇明区,121.93861320371114,31.515461465704767
上海崇明东滩鸟类国家级自然环境保护区捕鱼港访客中心,生活服务,信息咨询中心,121.958198,31.504486,上海市,上海市,崇明区,121.95400963596506,31.50654245874236
东滩湿地-垂钓区,旅游景点,其他,121.958357,31.513798,上海市,上海市,崇明区,121.9541674858715,31.5158527530716
东滩湿地公共快充站,旅游景点,其他,121.939028,31.516108,上海市,上海市,崇明区,121.93487599827738,31.518201570834687
芳草地,旅游景点,其他,121.957332,31.514694,上海市,上海市,崇明区,121.95314479598758,31.516751037483886
上海崇明东滩鸟类国家级自然环境保护区-解说牌,旅游景点,其他,121.960085,31.510352,上海市,上海市,崇明区,121.95589166598762,31.51240310042053
东滩湿地-湿地生境修复区,旅游景点,其他,121.95013,31.514691,上海市,上海市,崇明区,121.94595840179917,31.516763957528585
崇明东滩鸟类科教基地-观鸟亭,旅游景点,其他,121.961548,31.509377,上海市,上海市,崇明区,121.95735118650035,31.511424668847802
雀鸣渡,旅游景点,其他,121.952348,31.513407,上海市,上海市,崇明区,121.94817192485955,31.51547542116052
地震馆,旅游景点,其他,121.949451,31.514672,上海市,上海市,崇明区,121.94528076558744,31.51674636719721
东滩野外研究站,科教文化,其他,121.94984,31.518382,上海市,上海市,崇明区,121.94566867843321,31.52045506771546
湿地科研馆,科教文化,其他,121.949762,31.518355,上海市,上海市,崇明区,121.9455908372081,31.520428232927934
东滩湿地-耐盐植物园,旅游景点,植物园,121.957169,31.521368,上海市,上海市,崇明区,121.9529816143319,31.523424538481557
长江口湿地生态系统野外研究站崇东分站,科教文化,其他,121.9498,31.518317,上海市,上海市,崇明区,121.94562876415092,31.520390159181275
东滩湿地游客中心,生活服务,信息咨询中心,121.941255,31.516105,上海市,上海市,崇明区,121.93709949457292,31.51819478596675
观海楼-餐馆,餐饮美食,中国菜,121.958009,31.520794,上海市,上海市,崇明区,121.95381971562857,31.522848646440973
农业园区,交通设施,公交站,121.808056,31.593146,上海市,上海市,崇明区,121.80373489859022,31.595136787157337
中新农业泰生示范农庄-湿地,旅游景点,其他,121.811483,31.599042,上海市,上海市,崇明区,121.80716969729751,31.601038628743165
上海爱久马术俱乐部,运动健身,其他,121.808031,31.593232,上海市,上海市,崇明区,121.80370983148612,31.595222740274405
富寓农场,餐饮美食,中国菜,121.815353,31.579756,上海市,上海市,崇明区,121.8110509180111,31.581760482878398
小左草莓采摘园,运动健身,其他,121.807522,31.574816,上海市,上海市,崇明区,121.80320118045587,31.576806778059836
绿岛精舍,休闲娱乐,其他,121.808907,31.593814,上海市,上海市,崇明区,121.80458788410765,31.59580624842762
崇明岛老徐垂钓鱼场,运动健身,其他,121.840263,31.59325,上海市,上海市,崇明区,121.83602348064962,31.595300593673525
百元钓鱼场,运动健身,其他,121.860634,31.591407,上海市,上海市,崇明区,121.85644240753197,31.593492035697604
益品果蔬山庄,休闲娱乐,农家乐,121.811804,31.59397,上海市,上海市,崇明区,121.80749191482325,31.595967381920232
上海崇明现代农业园区制种基地,商务住宅,产业园,121.808055,31.593456,上海市,上海市,崇明区,121.80373386986611,31.595446773346076
上海崇明现代农业园区,公司企业,农林牧渔,121.808974,31.593932,上海市,上海市,崇明区,121.80465503541923,31.595924361453516
崇明岛小胡钓鱼场,休闲娱乐,农家乐,121.84985,31.59275,上海市,上海市,崇明区,121.84563402824892,31.59481768204954
富圩睦邻点,生活服务,其他,121.815792,31.579598,上海市,上海市,崇明区,121.81149103084212,31.581603297329348
有田农庄,公司企业,农林牧渔,121.808216,31.579275,上海市,上海市,崇明区,121.803896459437,31.581266723725456
崇明种羊场,公司企业,农林牧渔,121.842477,31.58795,上海市,上海市,崇明区,121.83824347217065,31.590004862842505
上海天养康健缘养生保健中心,医疗保健,其他,121.808119,31.593338,上海市,上海市,崇明区,121.80379803302583,31.595328889388284
奶牛养殖社区,公司企业,农林牧渔,121.852765,31.58521,上海市,上海市,崇明区,121.84855648808995,31.587282925261402
中国水电十四局项目管理部,公司企业,公司,121.808815,31.59396,上海市,上海市,崇明区,121.80449565030544,31.595952081553556
新弘生态农业,公司企业,农林牧渔,121.884969,31.579106,上海市,上海市,崇明区,121.8808195956475,31.581218869727547
崇明县胜美烟杂店,购物消费,便利店,121.815451,31.579691,上海市,上海市,崇明区,121.81114916875558,31.581695666168525
由由中荷农业园,公司企业,农林牧渔,121.85789,31.583713,上海市,上海市,崇明区,121.85369315072573,31.58579422554777
上海申杰建设工程有限责任公司,公司企业,公司,121.85256,31.585698,上海市,上海市,崇明区,121.84835097291706,31.587770561455425
上海东泽开心农庄,公司企业,农林牧渔,121.820426,31.57795,上海市,上海市,崇明区,121.81613689689968,31.57996399543246
上海东华工程咨询有限责任公司,公司企业,公司,121.809145,31.594044,上海市,上海市,崇明区,121.80482643802084,31.596036657471323
上海城市电力发展有限责任公司,公司企业,公司,121.839381,31.575238,上海市,上海市,崇明区,121.83514077064322,31.57728786592687
上海由由农业科技有限责任公司,公司企业,公司,121.851455,31.585492,上海市,上海市,崇明区,121.84724341799891,31.58756272398491
中新农业泰生示范农庄,公司企业,农林牧渔,121.807881,31.59827,上海市,上海市,崇明区,121.80355904493352,31.600260297850294
上海威利德现代农业有限责任公司,公司企业,农林牧渔,121.842621,31.589246,上海市,上海市,崇明区,121.83838772189368,31.591301066335337
上海企平水产养殖专业农业合作社,公司企业,农林牧渔,121.884779,31.57912,上海市,上海市,崇明区,121.88062936473285,31.58123273562684
上海联景苗木专业农业合作社,公司企业,农林牧渔,121.807776,31.582225,上海市,上海市,崇明区,121.80345515702271,31.584215798786737
上海锦石蔬菜专业农业合作社,公司企业,农林牧渔,121.80769,31.593299,上海市,上海市,崇明区,121.80336801127363,31.595289144967854
金府,商务住宅,其他,121.815663,31.579622,上海市,上海市,崇明区,121.81136170550319,31.581627059046685
上海崇明现代农业园区花艺场,商务住宅,产业园,121.807055,31.592196,上海市,上海市,崇明区,121.80273159395749,31.594185089772743
上海兴陆水产养殖专业农业合作社,公司企业,农林牧渔,121.828927,31.590166,上海市,上海市,崇明区,121.82465872632194,31.592195451239267
上海前哨标准化水产养殖二场,公司企业,农林牧渔,121.913542,31.575198,上海市,上海市,崇明区,121.90940753890747,31.577313925609456
崇明岛北湖,旅游景点,景点,121.638936,31.667961,上海市,上海市,崇明区,121.63466860670292,31.670050307084985
招呼站,交通设施,公交站,121.57498,31.648871,上海市,上海市,崇明区,121.57072580449639,31.650981923819426
前进刀具厂,交通设施,公交站,121.572826,31.652244,上海市,上海市,崇明区,121.5685684365141,31.654352713698337
前进粮油站,交通设施,公交站,121.582671,31.645692,上海市,上海市,崇明区,121.57842614876434,31.647809366432686
培训队,交通设施,公交站,121.574992,31.648735,上海市,上海市,崇明区,121.57073783245735,31.65084593266064
前柴路阿里山路,交通设施,公交站,121.601678,31.645786,上海市,上海市,崇明区,121.59744251554564,31.647908013299098
钱财公路阿里山路,交通设施,公交站,121.601703,31.645673,上海市,上海市,崇明区,121.5974675253102,31.647795006394297
海鸥新村,商务住宅,住宅区,121.599291,31.645814,上海市,上海市,崇明区,121.59505534370689,31.64793631517904
西园新村,商务住宅,住宅区,121.583552,31.647745,上海市,上海市,崇明区,121.57930782149458,31.649862988694814
海燕北园,商务住宅,住宅区,121.601821,31.646319,上海市,上海市,崇明区,121.59758547200539,31.648440999070523
红梅驿站,酒店住宿,其他,121.601629,31.645253,上海市,上海市,崇明区,121.59739355963642,31.647375010601614
花博会东区专用停车场,交通设施,停车场,121.586883,31.645221,上海市,上海市,崇明区,121.58264186605733,31.647340790181282
瀛丰五斗,公司企业,公司,121.610822,31.646018,上海市,上海市,崇明区,121.60658458389548,31.648136614631817
红房子昌鑫餐馆,餐饮美食,中国菜,121.599186,31.645122,上海市,上海市,崇明区,121.59495038781344,31.64724430798436
新时代,购物消费,其他,121.60159,31.645378,上海市,上海市,崇明区,121.5973545485516,31.647500020072737
崇明北沿二期一阶段生态公益林,运动健身,其他,121.648938,31.66764,上海市,上海市,崇明区,121.64465442280641,31.66971311137792
海燕二村,商务住宅,其他,121.602198,31.645168,上海市,上海市,崇明区,121.59796256691588,31.64728990165578
崇明地区前进驾驶员培训进修学堂,科教文化,驾校,121.574998,31.647684,上海市,上海市,崇明区,121.57074392910623,31.649794913201482
崇明地区机动车驾驶员培训进修学堂,科教文化,驾校,121.574201,31.648947,上海市,上海市,崇明区,121.5699457098355,31.65105711742332
竖新镇再生资源回收中转站,生活服务,其他,121.61289,31.651535,上海市,上海市,崇明区,121.60865114397888,31.65365250416712
前进畜牧一工厂,公司企业,农林牧渔,121.630782,31.657704,上海市,上海市,崇明区,121.62652663315144,31.659804261102618
上海恒健农牧科技有限责任公司,公司企业,公司,121.577892,31.688177,上海市,上海市,崇明区,121.57363829199048,31.690292518908876
新民鱼场,公司企业,农林牧渔,121.60777,31.660649,上海市,上海市,崇明区,121.60353243632956,31.662769577111227
大瀛养猪厂,公司企业,农林牧渔,121.585459,31.651201,上海市,上海市,崇明区,121.58121622316709,31.653320202978886
大同养殖厂,公司企业,农林牧渔,121.578526,31.676837,上海市,上海市,崇明区,121.5742740152133,31.67895238345723
上海崇明岛生态牧场有限责任公司,公司企业,公司,121.571917,31.687781,上海市,上海市,崇明区,121.5676550719229,31.689890378116456
光明食品集团长江现代农机服务运营中心,汽车相关,其他,121.597324,31.648605,上海市,上海市,崇明区,121.59308775596836,31.650727440507023
前卫生态村,旅游景点,景点,121.510963,31.723805,上海市,上海市,崇明区,121.50652913366748,31.725780393795596
浮·極限运动馆,运动健身,综合体育馆,121.513499,31.727897,上海市,上海市,崇明区,121.50907384411555,31.72988033371534
乐器馆,购物消费,其他,121.508147,31.721631,上海市,上海市,崇明区,121.50370318631931,31.723597759885717
公厕,生活服务,公厕,121.511796,31.723483,上海市,上海市,崇明区,121.50736514573391,31.725460837539682
公厕,生活服务,公厕,121.510839,31.722482,上海市,上海市,崇明区,121.50640480278916,31.724456891270123
公厕,生活服务,公厕,121.500871,31.720071,上海市,上海市,崇明区,121.49640093525215,31.722015656611298
公厕,生活服务,公厕,121.509887,31.720281,上海市,上海市,崇明区,121.50544957260036,31.722252834149856
公厕,生活服务,公厕,121.504224,31.719924,上海市,上海市,崇明区,121.4997661287424,31.721878781527057
上海六加伊农家菜馆,酒店住宿,其他,121.506302,31.719774,上海市,上海市,崇明区,121.50185167555213,31.721735032630413
上海六加伊农家菜馆,休闲娱乐,其他,121.506284,31.719786,上海市,上海市,崇明区,121.50183360933919,31.72174697961437
望江亭,旅游景点,其他,121.498683,31.720494,上海市,上海市,崇明区,121.49420494886168,31.722432075307005
公厕,生活服务,公厕,121.517752,31.720232,上海市,上海市,崇明区,121.51334252006767,31.722226992768633
陶心小筑别墅,酒店住宿,其他,121.517217,31.724905,上海市,上海市,崇明区,121.51280524414489,31.72689890988443
海上花岛玫瑰山庄酒店,酒店住宿,其他,121.512173,31.724081,上海市,上海市,崇明区,121.50774344256867,31.726060016696252
织布,购物消费,其他,121.507729,31.721346,上海市,上海市,崇明区,121.50328370136391,31.723311477339173
海上花岛游客中心,休闲娱乐,度假养老,121.510387,31.719638,上海市,上海市,崇明区,121.50595142509792,31.721611263245727
轧花弹花,公司企业,公司,121.507905,31.721306,上海市,上海市,崇明区,121.50346034054748,31.723272001625787
上海玉壶冰豪华酒店,酒店住宿,其他,121.5114,31.722536,上海市,上海市,崇明区,121.50696780942448,31.724512565802637
成吉思汗雕像,旅游景点,其他,121.519373,31.723782,上海市,上海市,崇明区,121.51496886656705,31.725782021015316
松茂凤楼,旅游景点,其他,121.507351,31.721799,上海市,上海市,崇明区,121.5029042962324,31.72376338712606
上海玫瑰山庄酒店,酒店住宿,其他,121.512314,31.724238,上海市,上海市,崇明区,121.50788493294327,31.72621745063614
长寿亭,旅游景点,其他,121.498845,31.719802,上海市,上海市,崇明区,121.49436759712228,31.721740497762784
上海海上花岛民宿酒店,酒店住宿,其他,121.510211,31.719566,上海市,上海市,崇明区,121.50577479897372,31.72153873128652
海上花岛生态休闲度假村,休闲娱乐,度假养老,121.510924,31.723803,上海市,上海市,崇明区,121.50648999394897,31.72577827749402
北河亭,旅游景点,其他,121.500021,31.719635,上海市,上海市,崇明区,121.49554788396696,31.721577041081275
瀛宾农家菜馆,休闲娱乐,其他,121.508608,31.720111,上海市,上海市,崇明区,121.50416598077854,31.722078991799584
麒麟雅园,酒店住宿,其他,121.518413,31.724367,上海市,上海市,崇明区,121.51400547476108,31.7263643171083
江南亭,旅游景点,其他,121.499088,31.720032,上海市,上海市,崇明区,121.49461145983543,31.721971255724668
儿童游乐场,休闲娱乐,游乐场,121.513483,31.720004,上海市,上海市,崇明区,121.50905846624542,31.72198648515684
瀛鼎农场,休闲娱乐,其他,121.509101,31.722812,上海市,上海市,崇明区,121.50466052510382,31.724781735936766
海上花岛宴会厅,餐饮美食,其他,121.511825,31.722616,上海市,上海市,崇明区,121.50739432414784,31.724593836324093
悠哉农场,休闲娱乐,农家乐,121.517791,31.720059,上海市,上海市,崇明区,121.5133816713937,31.72205408874159
浮极限运动馆,运动健身,其他,121.513494,31.727886,上海市,上海市,崇明区,121.50906882726453,31.72986931780417
囡囡农家菜馆,酒店住宿,其他,121.506005,31.719836,上海市,上海市,崇明区,121.50155359456653,31.721796144370227
囡囡农家菜馆,休闲娱乐,其他,121.505976,31.719812,上海市,上海市,崇明区,121.50152449158627,31.72177205467742
上海瀛昌农家菜馆,酒店住宿,其他,121.511463,31.719653,上海市,上海市,崇明区,121.50703128332992,31.721629467989246
上海瀛昌农家菜馆,休闲娱乐,其他,121.511495,31.719628,上海市,上海市,崇明区,121.50706340009086,31.721604560651574
龙裔福满园,休闲娱乐,其他,121.5114,31.721937,上海市,上海市,崇明区,121.50696786100336,31.723913505935602
江南三民文化村-艺玩商馆,科教文化,其他,121.49897,31.719756,上海市,上海市,崇明区,121.49449305511384,31.721694871591122
世界木化石中国奇石馆,科教文化,会展展览,121.511936,31.723261,上海市,上海市,崇明区,121.50750566572147,31.725239230653546
海上花岛专用停车场,交通设施,停车场,121.508089,31.720324,上海市,上海市,崇明区,121.50364508963358,31.722290456819383
超达,运动健身,网球,121.513982,31.722705,上海市,上海市,崇明区,121.5095590085511,31.72468922403503
上海自然温馨农家小墅,酒店住宿,其他,121.51098,31.723712,上海市,上海市,崇明区,121.50654620265092,31.725687434972063
上海崇明前卫红土网球中心,运动健身,网球,121.513657,31.723156,上海市,上海市,崇明区,121.5092328142535,31.72513931155452
海盗船游艺机,运动健身,其他,121.513461,31.719941,上海市,上海市,崇明区,121.50903639335567,31.721923414067916
射箭区,运动健身,其他,121.519165,31.723789,上海市,上海市,崇明区,121.5147601432973,31.725788424218084
奇幻镜宫,运动健身,其他,121.513795,31.720176,上海市,上海市,崇明区,121.50937156138902,31.722159422177985
欢乐奔马,运动健身,其他,121.513613,31.720131,上海市,上海市,崇明区,121.50918891793873,31.72211388113308
射箭体验馆,运动健身,其他,121.504527,31.719716,上海市,上海市,崇明区,121.50007024628135,31.72167167596985
射击体验场,运动健身,其他,121.513061,31.720158,上海市,上海市,崇明区,121.50863494987972,31.722139253908814
飞舞蝶昆虫主题馆,运动健身,其他,121.514077,31.719613,上海市,上海市,崇明区,121.50965461199301,31.721597197878832
老前卫农家菜馆饭庄,休闲娱乐,其他,121.513757,31.72621,上海市,上海市,崇明区,121.50933290720157,31.7281939185507
建垦村文化中心,科教文化,其他,121.502865,31.721289,上海市,上海市,崇明区,121.49840207590843,31.723239809366877
上海三民文化艺术中心,科教文化,其他,121.498736,31.719589,上海市,上海市,崇明区,121.49425821969496,31.721527147092488
建垦村社区老年活动中心,休闲娱乐,其他,121.502977,31.721476,上海市,上海市,崇明区,121.49851446660922,31.723427166540027
儿童游乐场-自控飞机游艺机,运动健身,其他,121.513831,31.719788,上海市,上海市,崇明区,121.50940772275455,31.721771490319764
遇见崇明,酒店住宿,其他,121.518349,31.724371,上海市,上海市,崇明区,121.5139412510909,31.726368132786316
宝山区中学生课外学农基地,科教文化,其他,121.517378,31.719858,上海市,上海市,崇明区,121.51296724223369,31.721851872116133
垂钓中心,休闲娱乐,农家乐,121.511258,31.721669,上海市,上海市,崇明区,121.50682537528048,31.723645057048465
哲少居农家菜馆,酒店住宿,旅馆,121.506704,31.719665,上海市,上海市,崇明区,121.50225514014329,31.721627231733997
党建展示室,生活服务,其他,121.502897,31.721462,上海市,上海市,崇明区,121.49843417720525,31.723412923275212
前卫食品商行,购物消费,便利店,121.511786,31.723523,上海市,上海市,崇明区,121.50735510650536,31.72550081189598
海上花岛玫瑰山庄,运动健身,其他,121.511334,31.725065,上海市,上海市,崇明区,121.50690135517621,31.727041626018806
上海蓝箭教育科技有限责任公司蓝箭勇士联盟训练基地,科教文化,其他,121.512923,31.726291,上海市,上海市,崇明区,121.50849593011384,31.728272464471605
海上花岛亲子活动接待服务中心,生活服务,其他,121.508128,31.719852,上海市,上海市,崇明区,121.50368427112653,31.721818527569365
陶心小筑,商务住宅,其他,121.517075,31.724988,上海市,上海市,崇明区,121.5126627386976,31.72698150594694
崇明岛前卫真人CS镭战基地,休闲娱乐,其他,121.513783,31.72393,上海市,上海市,崇明区,121.50935919580597,31.725913761341467
上海龙裔休闲娱乐有限责任公司,公司企业,公司,121.511475,31.722601,上海市,上海市,崇明区,121.50704307248077,31.72457779524002
蒙骏骑马术俱乐部,运动健身,马术&赛马,121.52056,31.723378,上海市,上海市,崇明区,121.51616001056767,31.725381376539588
野生动物幼驯养基地,公司企业,农林牧渔,121.507744,31.723096,上海市,上海市,崇明区,121.50329860462381,31.72506169725516
上海前威新能源发展有限责任公司,公司企业,公司,121.512643,31.725885,上海市,上海市,崇明区,121.50821496608091,31.7278655940158
崇明前卫村生态岛主题公园停车场,交通设施,停车场,121.508487,31.720375,上海市,上海市,崇明区,121.50404452156971,31.722342655128244
中国板烫书画馆,科教文化,其他,121.507224,31.721714,上海市,上海市,崇明区,121.50277684439753,31.72367799706175
国家电网汽车公共充电站,汽车相关,充电站,121.512373,31.724929,上海市,上海市,崇明区,121.50794408424582,31.7269086960351
前卫生态村-纺纱,旅游景点,其他,121.507777,31.721384,上海市,上海市,崇明区,121.50333187148892,31.723349625194878
鱼盐兴盛展示区,旅游景点,其他,121.508331,31.721641,上海市,上海市,崇明区,121.5038878495636,31.72360831261943
前卫生态村-神龟驮沙,旅游景点,其他,121.508566,31.721312,上海市,上海市,崇明区,121.50412372575792,31.723279984292628
独木桥,旅游景点,其他,121.508428,31.72139,上海市,上海市,崇明区,121.50398522120783,31.72335757846882
紫螺坛米酒展区,旅游景点,其他,121.508103,31.721398,上海市,上海市,崇明区,121.503659047568,31.72336460478194
结庐拓荒展览区,旅游景点,其他,121.508452,31.72163,上海市,上海市,崇明区,121.50400928710407,31.723597674226625
前卫生态村-酒壶,旅游景点,其他,121.507947,31.721321,上海市,上海市,崇明区,121.50350249093286,31.723287129141813
瀛农古风吊桥,旅游景点,其他,121.507668,31.721683,上海市,上海市,崇明区,121.50322245191205,31.723648327661845
前卫生态农业旅游区,旅游景点,其他,121.508884,31.722476,上海市,上海市,崇明区,121.50444277204792,31.7244450527135
前卫生态村游客中心,生活服务,信息咨询中心,121.510196,31.719533,上海市,上海市,崇明区,121.50575974791226,31.721505683319577
佛堂,旅游景点,其他,121.508197,31.721883,上海市,上海市,崇明区,121.50375334507717,31.723849934912845
中华喜园,旅游景点,其他,121.508559,31.721384,上海市,上海市,崇明区,121.50411669430197,31.723351970455177
前卫生态村南门专用停车场,交通设施,停车场,121.508426,31.720291,上海市,上海市,崇明区,121.50398330874282,31.722258464060513
蒙古族部落,旅游景点,其他,121.519023,31.723958,上海市,上海市,崇明区,121.5146176350006,31.725957033058002
前卫生态村村史馆路专用停车场,交通设施,停车场,121.51172,31.724253,上海市,上海市,崇明区,121.50728880744651,31.726230690005547
前卫生态村-木化石馆,旅游景点,其他,121.512027,31.723337,上海市,上海市,崇明区,121.50759698463628,31.725315508318015
前卫生态村-公厕,生活服务,公厕,121.512269,31.725155,上海市,上海市,崇明区,121.50783969321193,31.72713441100358
前卫生态村-瀛农古风园水车,旅游景点,其他,121.507684,31.721642,上海市,上海市,崇明区,121.50323851325707,31.723607371623245
生态休闲广场,旅游景点,广场,121.512908,31.723047,上海市,上海市,崇明区,121.50848115579774,31.725028088585944
前卫生态村-公厕,生活服务,公厕,121.507736,31.721395,上海市,上海市,崇明区,121.50329072242674,31.723360503211033
推磨,旅游景点,其他,121.507882,31.721488,上海市,上海市,崇明区,121.50343724178495,31.72345395065314
前卫生态村-上海雷锋纪念园,旅游景点,纪念馆,121.51197,31.723461,上海市,上海市,崇明区,121.5075397701131,31.725439351737727
罗泾港码头,交通设施,港口码头,121.38083,31.497933,上海市,上海市,宝山区,121.37616636282239,31.499705099804068
磊宏科技铁皮石斛培植基地,公司企业,农林牧渔,121.333694,31.499098,上海市,上海市,宝山区,121.32911498753273,31.5009419928292
庙港村,交通设施,公交站,121.308183,31.686326,上海市,上海市,崇明区,121.3036449872705,31.688210420429467
南新镇,交通设施,公交站,121.31151,31.690087,上海市,上海市,崇明区,121.30696449460693,31.6919656918078
嘉禾八队,交通设施,公交站,121.330936,31.715193,上海市,上海市,崇明区,121.32634440033769,31.717036888055713
嘉禾南桥,交通设施,公交站,121.327273,31.709804,上海市,上海市,崇明区,121.3226902556582,31.711654456170283
窑南桥,交通设施,公交站,121.320896,31.701668,上海市,上海市,崇明区,121.31632853592369,31.70353001268684
丁棚镇,交通设施,公交站,121.316454,31.696219,上海市,上海市,崇明区,121.31189703447527,31.698088993026428
番瓜镇,交通设施,公交站,121.323859,31.705344,上海市,上海市,崇明区,121.31928446046126,31.707200642729685
爱民村,交通设施,公交站,121.316911,31.709211,上海市,上海市,崇明区,121.31235187776501,31.71108119390844
庙港桥,交通设施,公交站,121.306386,31.714236,上海市,上海市,崇明区,121.30184935517592,31.716125787794134
沈镇村,交通设施,公交站,121.299675,31.717836,上海市,上海市,崇明区,121.29515165844552,31.719737435339308
上海淡定姐别墅,酒店住宿,其他,121.331115,31.687224,上海市,上海市,崇明区,121.326525440762,31.68906530856112
上海悦漫花居花园民宿酒店,酒店住宿,其他,121.330285,31.702534,上海市,上海市,崇明区,121.32569599687254,31.70437803453092
海笑庄医疗护理员,休闲娱乐,度假养老,121.327055,31.708585,上海市,上海市,崇明区,121.32247286170487,31.71043576933371
庆华滨江花园度假村,休闲娱乐,其他,121.323889,31.662516,上海市,上海市,崇明区,121.31931813208212,31.664369910421374
源玥农场,休闲娱乐,其他,121.325621,31.699159,上海市,上海市,崇明区,121.32104297024141,31.701011753187544
欣彦农家菜馆,休闲娱乐,其他,121.321813,31.703293,上海市,上海市,崇明区,121.31724330799838,31.705153393610257
上海孝庄敬老院护理院,休闲娱乐,度假养老,121.327262,31.7082,上海市,上海市,崇明区,121.3226794212049,31.710050336878826
如懿小院精品民宿酒店,休闲娱乐,棋牌室,121.33107,31.687299,上海市,上海市,崇明区,121.32648053694437,31.689140400102527
上海近江开心农庄,酒店住宿,其他,121.320731,31.678685,上海市,上海市,崇明区,121.31616591650616,31.6805457428684
上海近江开心农庄,休闲娱乐,其他,121.320686,31.678633,上海市,上海市,崇明区,121.31612102321961,31.680493825664954
庙港村桥鼻818号,商务住宅,其他,121.308884,31.69845,上海市,上海市,崇明区,121.30434343740136,31.700334036782507
上海石头农业科技,公司企业,其他,121.320709,31.678591,上海市,上海市,崇明区,121.31614397466089,31.68045177942812
三星镇沈镇村服务中心,生活服务,其他,121.30165,31.717985,上海市,上海市,崇明区,121.29712273806676,31.719883210836425
庙镇副业场,公司企业,农林牧渔,121.303867,31.686111,上海市,上海市,崇明区,121.29933801938445,31.688002910919845
上海赛田果蔬专业农业合作社,公司企业,农林牧渔,121.321101,31.666743,上海市,上海市,崇明区,121.31653611754808,31.668602428503267
上海新业苗木专业农业合作社,公司企业,农林牧渔,121.327198,31.702778,上海市,上海市,崇明区,121.32261604215978,31.70462800380011
上海崇明供销农业生产资料有限责任公司,公司企业,公司,121.326234,31.680669,上海市,上海市,崇明区,121.32165618284046,31.682519302641754
天成农家菜馆,运动健身,其他,121.171717,31.784635,上海市,上海市,崇明区,121.16714477468742,31.786495048227597
崇明岛日落点,运动健身,其他,121.170459,31.792479,上海市,上海市,崇明区,121.16588350229993,31.794337883539722
廊下生态园,旅游景点,景点,121.158604,30.784746,上海市,上海市,金山区,121.15409124274308,30.78691441839173
上海廊下郊野生态公园,旅游景点,公园,121.164784,30.776456,上海市,上海市,金山区,121.16028420105664,30.778640398718977
山塘村,交通设施,公交站,121.164958,30.776694,上海市,上海市,金山区,121.16045853090743,30.778878596586488
山洪河桥,交通设施,公交站,121.170852,30.777441,上海市,上海市,金山区,121.166364409336,30.77963633489349
廊下生态园,交通设施,公交站,121.156341,30.787593,上海市,上海市,金山区,121.15182362058903,30.789755751073013
山塘村,交通设施,公交站,121.164999,30.776679,上海市,上海市,金山区,121.160499614654,30.77886368176305
廊下新天地,交通设施,公交站,121.156347,30.787554,上海市,上海市,金山区,121.1518296354092,30.789716783271246
新天地,交通设施,公交站,121.157712,30.787414,上海市,上海市,金山区,121.15319728208705,30.78957933133136
水产园,交通设施,公交站,121.164355,30.787183,上海市,上海市,金山区,121.15985343444481,30.789360746709626
农家乐,交通设施,公交站,121.150191,30.787852,上海市,上海市,金山区,121.14566209483459,30.79000378767509
梅家宅,交通设施,公交站,121.171319,30.787014,上海市,上海市,金山区,121.16683155375148,30.78920500096616
廊下农家乐,交通设施,公交站,121.150536,30.786778,上海市,上海市,金山区,121.14600781304885,30.78893096807106
朝阳河桥,交通设施,公交站,121.159791,30.77779,上海市,上海市,金山区,121.15528115441425,30.77996438476663
丁家阳桥,交通设施,公交站,121.152178,30.780115,上海市,上海市,金山区,121.14765339363079,30.782274448731766
南长浜,交通设施,公交站,121.145151,30.782192,上海市,上海市,金山区,121.14061369775312,30.784338486333862
六里塘大桥,交通设施,公交站,121.138129,30.785477,上海市,上海市,金山区,121.13358009765548,30.787610891692196
中国石油廊华油站,汽车相关,加油站,121.148142,30.787344,上海市,上海市,金山区,121.14360946200945,30.78949259504137
锦江中华村农家菜馆停车场,交通设施,停车场,121.150086,30.787282,上海市,上海市,金山区,121.14555695261743,30.78943392054018
廊下新天地,交通设施,公交站,121.156283,30.787628,上海市,上海市,金山区,121.1517655062596,30.789790627370884
上海金山农村新天地,休闲娱乐,其他,121.15536,30.785834,上海市,上海市,金山区,121.15084089226374,30.787995952743344
外婆家餐馆,餐饮美食,中国菜,121.151101,30.786101,上海市,上海市,金山区,121.14657390269915,30.78825531209926
公厕,生活服务,公厕,121.157595,30.786802,上海市,上海市,金山区,121.15308010695418,30.78896745407113
明月山塘,旅游景点,其他,121.164752,30.77658,上海市,上海市,金山区,121.16025212627038,30.778764271416946
品鸡馆,餐饮美食,中国菜,121.15116,30.785514,上海市,上海市,金山区,121.1466330605224,30.787668735312767
上海竹林小屋民宿酒店,酒店住宿,其他,121.151443,30.784144,上海市,上海市,金山区,121.14691669613218,30.78629997411511
山塘民俗村,旅游景点,其他,121.164679,30.775917,上海市,上海市,金山区,121.16017903544827,30.778101493579495
琮璞文化园,旅游景点,水族馆,121.164418,30.775725,上海市,上海市,金山区,121.1599175273455,30.777909107738527
琮璞文化园,科教文化,文化宫,121.164391,30.775722,上海市,上海市,金山区,121.15989047338893,30.77790605871445
上海江南之家别墅,酒店住宿,其他,121.160143,30.777479,上海市,上海市,金山区,121.15563387304515,30.7796542018083
金山枼园,商务住宅,住宅区,121.154658,30.788336,上海市,上海市,金山区,121.15013734657009,30.790495328343614
上海听风塘民宿酒店,酒店住宿,其他,121.165279,30.780193,上海市,上海市,金山区,121.16077988194998,30.78237629966892
夜宿池边墅民宿酒店,酒店住宿,其他,121.165088,30.78064,上海市,上海市,金山区,121.16058845974126,30.782822697254026
上海龙玲阁别墅,酒店住宿,旅馆,121.164882,30.782044,上海市,上海市,金山区,121.16038192689108,30.784225545245793
上海满筑民宿酒店,酒店住宿,其他,121.160589,30.778727,上海市,上海市,金山区,121.156080646937,30.780902347305847
上海涵七民宿酒店,酒店住宿,其他,121.174783,30.775144,上海市,上海市,金山区,121.1703036036205,30.777348037380104
青檐艺宿,酒店住宿,其他,121.159395,30.778079,上海市,上海市,金山区,121.15488435277432,30.780252499999758
赕饣之翼水廊下码头,交通设施,港口码头,121.159214,30.784782,上海市,上海市,金山区,121.15470243209604,30.78695151577009
水之翼廊下码头,交通设施,港口码头,121.159178,30.784779,上海市,上海市,金山区,121.15466636185378,30.786948451379885
廊下星空度假营专用停车场,交通设施,停车场,121.157216,30.780182,上海市,上海市,金山区,121.15270093272352,30.78235038084362
奥运草坪,旅游景点,其他,121.1499,30.782169,上海市,上海市,金山区,121.14537104847739,30.78432339805124
娘舅屋哩餐馆,餐饮美食,中国菜,121.151108,30.785919,上海市,上海市,金山区,121.146580930927,30.78807342382389
水忆生态民宿酒店,酒店住宿,旅馆,121.147632,30.77984,上海市,上海市,金山区,121.1430991962357,30.781991840541572
上海雅馨居酒店,酒店住宿,旅馆,121.159132,30.781192,上海市,上海市,金山区,121.15462057472467,30.783363324568207
有家旅馆,酒店住宿,旅馆,121.152813,30.783815,上海市,上海市,金山区,121.1482892607368,30.785973542480686
悠宿民宿酒店,酒店住宿,旅馆,121.152924,30.783877,上海市,上海市,金山区,121.14840046250355,30.786035703408224
竹月轩民宿酒店,酒店住宿,其他,121.160055,30.788435,上海市,上海市,金山区,121.15554477477073,30.79060406089134
宠四季宠物主题生态公园,旅游景点,公园,121.157025,30.786733,上海市,上海市,金山区,121.15250901029923,30.788897458010258
上海小阿叔餐馆,餐饮美食,中国菜,121.151937,30.786494,上海市,上海市,金山区,121.14741140811347,30.7886495464793
富家小院农家菜馆,餐饮美食,中国菜,121.151487,30.783603,上海市,上海市,金山区,121.146960822836,30.785759345882852
明月山塘停车场,交通设施,停车场,121.164155,30.77605,上海市,上海市,金山区,121.159653972122,30.778233438544373
山塘客餐馆馄饨面条,餐饮美食,中国菜,121.165252,30.775876,上海市,上海市,金山区,121.16075319157318,30.778061592493557
北岸人家·夏園,餐饮美食,其他,121.164769,30.775877,上海市,上海市,金山区,121.16026921972211,30.778061684240253
锦江中华村农家菜馆,酒店住宿,其他,121.150569,30.787369,上海市,上海市,金山区,121.14604082316404,30.789521700882144
锦江中华村农家菜馆,休闲娱乐,其他,121.15051,30.787338,上海市,上海市,金山区,121.14598171830147,30.789490616518155
芷芹农家乐,餐饮美食,中国菜,121.153361,30.786604,上海市,上海市,金山区,121.14883804895958,30.788761980388628
中华农家菜馆富阿姨饭店,餐饮美食,中国菜,121.151196,30.785222,上海市,上海市,金山区,121.14666915125443,30.787376957284174
好心人餐馆,餐饮美食,中国菜,121.151781,30.786428,上海市,上海市,金山区,121.14725512558847,30.788583311284295
老朋友餐馆,餐饮美食,中国菜,121.15176,30.786299,上海市,上海市,金山区,121.14723409775225,30.788454345431916
王贰狗的露营地,运动健身,其他,121.157877,30.779648,上海市,上海市,金山区,121.15336325834821,30.7818178720331
大阿娘饭店,餐饮美食,中国菜,121.152079,30.78657,上海市,上海市,金山区,121.14755366432546,30.78872575217515
LxCamping,运动健身,其他,121.156485,30.785228,上海市,上海市,金山区,121.15196809717833,30.787392305961212
金山玉环灵芝基地,公司企业,农林牧渔,121.156997,30.787743,上海市,上海市,金山区,121.15248087090656,30.78990685370692
青少年实践活动金山基地专用停车场,交通设施,停车场,121.164934,30.786811,上海市,上海市,金山区,121.16043362942297,30.78899003749793
廊下星空度假营,休闲娱乐,其他,121.157449,30.77985,上海市,上海市,金山区,121.1529344114784,30.78201898413847
星空私厨,餐饮美食,中国菜,121.154716,30.781355,上海市,上海市,金山区,121.15019604668457,30.783518248702002
画廊餐馆,餐饮美食,中国菜,121.152157,30.786308,上海市,上海市,金山区,121.14763183091303,30.78846403165491
青檐版画艺术中心,科教文化,其他,121.159608,30.77794,上海市,上海市,金山区,121.15509778234653,30.780113966785592
落厍屋里,餐饮美食,其他,121.152647,30.786471,上海市,上海市,金山区,121.14812272691606,30.788627798814385
北山塘豆坊,购物消费,市场,121.16525,30.776058,上海市,上海市,金山区,121.16075117220177,30.778243490149347
廊下农家菜馆,休闲娱乐,其他,121.161016,30.777231,上海市,上海市,金山区,121.15650861697037,30.77940794906012
中华村农家菜馆,休闲娱乐,其他,121.152492,30.780075,上海市,上海市,金山区,121.14796797960986,30.782235018987166
金葫芦非遗园,休闲娱乐,其他,121.165855,30.778786,上海市,上海市,金山区,121.1613571615403,30.780971148856747
廊下桂坊,餐饮美食,中国菜,121.159959,30.787942,上海市,上海市,金山区,121.15544862751184,30.790111154544647
趣玩户外烧烤,休闲娱乐,其他,121.156835,30.780198,上海市,上海市,金山区,121.15231919598024,30.7823656823389
牛博士采摘基地,休闲娱乐,农家乐,121.164773,30.783055,上海市,上海市,金山区,121.16027262244192,30.78523578901857
我的亲宠乐园,运动健身,其他,121.156714,30.785625,上海市,上海市,金山区,121.15219750428939,30.787789502195302
苓苑茶馆,餐饮美食,茶座,121.158194,30.785342,上海市,上海市,金山区,121.1536803935392,30.78750934381667
桃花源,购物消费,其他,121.156575,30.779362,上海市,上海市,金山区,121.15205876593728,30.781529667288787
老年人活动中心,科教文化,其他,121.16437,30.776064,上海市,上海市,金山区,121.15986940238977,30.778247834090063
百姓舞台,科教文化,其他,121.164523,30.776075,上海市,上海市,金山区,121.16002270869652,30.778259115177875
金廊莲湘糕,餐饮美食,蛋糕甜品店,121.160974,30.777102,上海市,上海市,金山区,121.15646654478074,30.77927894128282
廊下镇社区学堂山塘村学习点,科教文化,成人教育,121.164413,30.776127,上海市,上海市,金山区,121.15991248340717,30.778310880619756
上海溪进生态农场,运动健身,其他,121.165493,30.788208,上海市,上海市,金山区,121.16099363713386,30.790387322671688
廊下农家菜馆,休闲娱乐,其他,121.151952,30.78617,上海市,上海市,金山区,121.1474264632488,30.78832575001891
夜宿池边墅,商务住宅,其他,121.165214,30.78042,上海市,上海市,金山区,121.1607147319262,30.78260305389694
江南莲湘,休闲娱乐,其他,121.16007,30.777673,上海市,上海市,金山区,121.1555607129653,30.779847962002272
开心农场,餐饮美食,其他,121.152633,30.785719,上海市,上海市,金山区,121.14810876446855,30.78787618600466
金廊马术农场,运动健身,马术&赛马,121.156821,30.778347,上海市,上海市,金山区,121.1523053253755,30.780515663212288
青少年实践活动金山基地,科教文化,文化宫,121.164772,30.786401,上海市,上海市,金山区,121.16027133820795,30.788579957783252
廊下镇智慧健康小屋,医疗保健,其他,121.164099,30.775964,上海市,上海市,金山区,121.15959786705322,30.778147380174467
银珍解忧杂货铺,购物消费,便利店,121.164932,30.775815,上海市,上海市,金山区,121.1604325527223,30.77800002400535
雁峰国际营地教育培训学校,科教文化,培训单位,121.154728,30.781193,上海市,上海市,金山区,121.1502080831292,30.783356358327136
兴隆商行,购物消费,便利店,121.167235,30.776698,上海市,上海市,金山区,121.16274012653413,30.778886885680716
山塘村生活垃圾房,生活服务,其他,121.166257,30.776159,上海市,上海市,金山区,121.1617601943919,30.778346331743816
廊下星空度假营停车场,交通设施,停车场,121.157239,30.778421,上海市,上海市,金山区,121.15272412594305,30.780590379834464
上海红劲果蔬种植专业农业合作社四川李子樱桃采摘园,运动健身,其他,121.165897,30.776417,上海市,上海市,金山区,121.16139944598277,30.77860351345648
林银珍食品商行,购物消费,便利店,121.164909,30.775925,上海市,上海市,金山区,121.16040949718654,30.778109921215407
亲宠乐园儿童游乐中心,休闲娱乐,其他,121.156683,30.785561,上海市,上海市,金山区,121.15216645000133,30.787725481211954
山塘村三农金融保险运营服务站,金融机构,其他,121.16425,30.776076,上海市,上海市,金山区,121.15974916052771,30.778259602552218
上海申漕特种水产开发有限责任公司,公司企业,公司,121.164627,30.787495,上海市,上海市,金山区,121.16012595446496,30.789673086044235
北山塘理发,生活服务,美容理发,121.165229,30.776048,上海市,上海市,金山区,121.1607301307625,30.778233456074815
赵照芳食品商行,购物消费,便利店,121.167406,30.776735,上海市,上海市,金山区,121.16291146966464,30.778924188780067
特来电公共充电站,汽车相关,充电站,121.154569,30.788333,上海市,上海市,金山区,121.15004817823032,30.79049217158267
青少年实践活动金山基地停车场,交通设施,停车场,121.16457,30.786888,上海市,上海市,金山区,121.16006889113635,30.78906631176183
上海现代农业科普馆,科教文化,科技馆,121.153778,30.788705,上海市,上海市,金山区,121.14925565402825,30.790862564368158
金塘农业,公司企业,其他,121.165576,30.783218,上海市,上海市,金山区,121.16107722524886,30.785400209835064
赛佩福农业科技有限责任公司,公司企业,公司,121.154559,30.788227,上海市,上海市,金山区,121.15003816825791,30.790386211954218
现代农业种源示范区,公司企业,农林牧渔,121.15439,30.788259,上海市,上海市,金山区,121.14986884579184,30.790417893922193
廊下镇山塘村卫生院,医疗保健,诊所,121.164036,30.775999,上海市,上海市,金山区,121.15953473776804,30.77818224316477
上海荣美农业科技有限责任公司,公司企业,公司,121.168014,30.788007,上海市,上海市,金山区,121.16351975184622,30.79019119109651
农业科学院金山果树试验站,科教文化,科研单位,121.141208,30.786429,上海市,上海市,金山区,121.13666381661005,30.78856696452804
上海绿墅营销策划有限责任公司,公司企业,公司,121.156639,30.777819,上海市,上海市,金山区,121.15212301945101,30.779987620989978
国家电网公共充电站,汽车相关,充电站,121.158748,30.787201,上海市,上海市,金山区,121.15423531644792,30.78936833781485
天母水果店,公司企业,农林牧渔,121.157137,30.787712,上海市,上海市,金山区,121.15262114384986,30.78987612424443
上海碧兰环保技术开发有限责任公司-金山项目部,公司企业,公司,121.150109,30.784546,上海市,上海市,金山区,121.14558022585835,30.786699457517237
宝宗生态科技有限责任公司生态果园基地,公司企业,农林牧渔,121.141276,30.786481,上海市,上海市,金山区,121.13673192121831,30.78861904010288
国家电网汽车公共充电站,汽车相关,充电站,121.158177,30.787092,上海市,上海市,金山区,121.15366321262265,30.789258354581424
上海益林水产养殖专业农业合作社,公司企业,农林牧渔,121.150792,30.787067,上海市,上海市,金山区,121.14626425559261,30.789220250035925
牡丹园,旅游景点,公园,121.159073,30.783795,上海市,上海市,金山区,121.154561239435,30.785964796596332
耒耜园,旅游景点,其他,121.158628,30.786157,上海市,上海市,金山区,121.15411517038578,30.788324690265473
廊下郊野生态公园游客中心,生活服务,其他,121.158797,30.786816,上海市,上海市,金山区,121.15428444467254,30.788983638459957
廊下生态园专用停车场,交通设施,停车场,121.158197,30.787028,上海市,上海市,金山区,121.15368325694519,30.789194426128184
南陆村,交通设施,公交站,121.161409,30.79705,上海市,上海市,金山区,121.15690072207964,30.799216815694802
庄家站,交通设施,公交站,121.17451,30.812502,上海市,上海市,金山区,121.17002690365554,30.814684913337736
陆泾河桥,交通设施,公交站,121.137261,30.814022,上海市,上海市,金山区,121.13270837179807,30.816138803754686
吴泾浜,交通设施,公交站,121.13885,30.818546,上海市,上海市,金山区,121.13429939077203,30.82066256284155
洋巷寺,交通设施,公交站,121.166171,30.810605,上海市,上海市,金山区,121.16167111535925,30.81277317683241
阮家埭,交通设施,公交站,121.152873,30.810341,上海市,上海市,金山区,121.1483471281729,30.812484968272333
中华村,交通设施,公交站,121.145099,30.789645,上海市,上海市,金山区,121.14056097781831,30.79178732271807
友好村,交通设施,公交站,121.148717,30.815653,上海市,上海市,金山区,121.14418308689172,30.817786830349096
金家浜,交通设施,公交站,121.15629,30.809014,上海市,上海市,金山区,121.15177071144575,30.811164790205517
朱平公路,交通设施,公交站,121.148762,30.81027,上海市,上海市,金山区,121.14422862337955,30.81240692891503
向化路,交通设施,公交站,121.160111,30.809009,上海市,上海市,金山区,121.15559914688595,30.811166759715313
糖坊头,交通设施,公交站,121.170893,30.825754,上海市,上海市,金山区,121.16640142109691,30.82792257076083
新浜,交通设施,公交站,121.16595,30.821584,上海市,上海市,金山区,121.1614487422812,30.823745578862418
东王堡,交通设施,公交站,121.169945,30.821965,上海市,上海市,金山区,121.1654518111675,30.82413391923964
南陆,交通设施,公交站,121.16155,30.797097,上海市,上海市,金山区,121.15704199775301,30.79926405124722
水娄崂,交通设施,公交站,121.169866,30.797084,上海市,上海市,金山区,121.16537474847524,30.79926669770968
匠人浜,交通设施,公交站,121.150431,30.796968,上海市,上海市,金山区,121.1459017593915,30.799115176444293
中民村,交通设施,公交站,121.141349,30.801242,上海市,上海市,金山区,121.1368037866786,30.80337200790615
朱平公路,交通设施,公交站,121.14741,30.798105,上海市,上海市,金山区,121.14287525905871,30.800246442811105
向化路,交通设施,公交站,121.164094,30.797105,上海市,上海市,金山区,121.15959107345378,30.799276791997418
蔬菜基地,交通设施,公交站,121.154321,30.796952,上海市,上海市,金山区,121.14979898018724,30.79910598083409
中联村,交通设施,公交站,121.144904,30.821629,上海市,上海市,金山区,121.14036293470038,30.82375316808938
朱平公路中联路,交通设施,公交站,121.148551,30.823223,上海市,上海市,金山区,121.1440161492111,30.825352276840558
朱平公路友好村,交通设施,公交站,121.148386,30.816248,上海市,上海市,金山区,121.14385144673231,30.81838093828518
朱平公路向友路,交通设施,公交站,121.148282,30.810176,上海市,上海市,金山区,121.14374777649275,30.812312173941994
朱平公路景邱路,交通设施,公交站,121.146649,30.799195,上海市,上海市,金山区,121.14211283650714,30.801334579560024
朱平公路漕廊公路,交通设施,公交站,121.147355,30.789273,上海市,上海市,金山区,121.14282091055246,30.791419223670815
宋家库天主堂,旅游景点,宗教,121.142082,30.802913,上海市,上海市,金山区,121.13753782967494,30.805043208416397
专用停车场,交通设施,停车场,121.148112,30.821445,上海市,上海市,金山区,121.14357651980049,30.823574545927055
公厕,生活服务,公厕,121.139362,30.81436,上海市,上海市,金山区,121.13481253639564,30.81647967719173
南溪二村,商务住宅,住宅区,121.174569,30.825199,上海市,上海市,金山区,121.17008495387748,30.827374859926863
公厕,生活服务,公厕,121.140354,30.801499,上海市,上海市,金山区,121.13580718019789,30.80362735177703
溪南路-道路停车场,交通设施,停车场,121.175216,30.825689,上海市,上海市,金山区,121.17073322855484,30.82786580758459
廊下郊野生态公园无动力乐园,旅游景点,水族馆,121.151947,30.805783,上海市,上海市,金山区,121.14741979423646,30.80792789822747
社区卫生,医疗保健,综合医院,121.153386,30.80922,上海市,上海市,金山区,121.14886118235778,30.81136549824196
