OBJECTID,osm_id,code,fclass,name,Shape_Leng,Shape_Area
2,1919664,7202,park,世纪公园,0.0491054603315,0.000128432558865
3,10266313,7202,park,,0.0111716827008,4.84750960037e-06
4,10266362,7202,park,碧天体育公园,0.0202112267858,9.6108624153e-06
32,11764264,7202,park,,0.00339042094152,3.14926299738e-07
34,12271429,7202,park,徐家汇公园,0.0119694171653,7.49434460786e-06
41,29307987,7202,park,新虹桥中心花园,0.0174768304209,1.19675418556e-05
50,38872537,7202,park,,0.00363701787217,6.52417479299e-07
51,38873040,7202,park,田林中心绿地,0.00554300724556,1.31325574651e-06
53,39176862,7202,park,共青森林公园,0.0483281711723,0.000120335782911
54,39181064,7202,park,,0.00127674942005,1.01768049243e-07
55,39182199,7202,park,秋林爱晚,0.00679673339052,2.6759690758e-06
56,39763744,7202,park,人民公园,0.0135042978541,9.85462154671e-06
57,39961770,7202,park,复兴公园,0.011324353601,6.92054510212e-06
59,40779542,7202,park,陆家嘴绿地,0.0111067386606,7.98596983461e-06
68,44354955,7202,park,长风公园,0.0250931112879,3.34848916869e-05
69,44394995,7202,park,曲阳公园,0.0105117307307,6.21507193695e-06
70,45220427,7202,park,中山公园,0.0257652819615,1.79615160998e-05
71,45220428,7202,park,,0.0250576296716,8.02267553728e-06
72,46974553,7202,park,,0.00298682356523,4.0910496827e-07
73,47011871,7202,park,龙华烈士陵园,0.0189736138526,1.50623045056e-05
74,47046592,7202,park,,0.00939911551583,4.58584622605e-06
83,47280147,7202,park,柳园公园,0.00634759144683,1.39063491083e-06
84,47280263,7202,park,东方明珠公园,0.00887431737863,2.97498911975e-06
92,48505110,7202,park,复兴岛公园,0.0085405871606,4.02056088308e-06
93,48654678,7202,park,,0.00382175314965,6.67646562804e-07
94,48654755,7202,park,,0.00429843663741,9.34432368687e-07
95,48654827,7202,park,,0.00338563898165,6.03355923169e-07
113,49209531,7202,park,惠民公园,0.0022404141976,3.04064901463e-07
117,49212455,7202,park,松鹤公园,0.00589508634606,1.71726081512e-06
119,49666570,7202,park,上海淞沪抗战纪念公园,0.0148280962516,9.23235255257e-06
120,49666695,7202,park,永清苑,0.00705529503508,3.2604065501e-06
123,49666811,7202,park,,0.0101439369099,4.47461961582e-06
125,49666820,7202,park,,0.0109776692941,4.44091760335e-06
127,50177924,7202,park,,0.00352894901579,7.29108146385e-07
129,50258395,7202,park,大观园绿地,0.00462915386861,9.34997921115e-07
130,50259048,7202,park,,0.00799039754251,3.27721115855e-06
148,50259118,7202,park,,0.00549073407113,6.72625046887e-07
159,50326342,7202,park,四川北路公园,0.00818119018903,3.99764146634e-06
160,50330174,7202,park,,0.00300967284927,4.32356703313e-07
165,50330658,7202,park,,0.00205251599054,1.20484649939e-07
166,50330660,7202,park,,0.00420601826483,9.44628439613e-07
167,50330661,7202,park,,0.0040838115448,1.00978679443e-06
168,50330793,7202,park,龙华滨江休闲广场,0.00576098919876,7.51753640157e-07
169,50371371,7202,park,,0.0097210569796,3.76692337574e-06
170,50372100,7202,park,,0.00385751337484,5.16475326909e-07
171,50417965,7202,park,,0.0082590202668,3.17563890755e-06
174,50832821,7202,park,长寿公园,0.0075338545125,3.39022782628e-06
175,50900131,7202,park,上海植物园,0.0283976007422,2.7566993688e-05
176,51051521,7202,park,,0.00663355566211,1.61398564686e-06
178,51051529,7202,park,闸北公园,0.0166798673776,1.1360365224e-05
182,51729755,7202,park,黄兴体育运动公园,0.0218114742535,1.63112650784e-05
197,51964785,7202,park,,0.00202821112042,2.50366641185e-07
198,51964858,7202,park,交通公园,0.00681910575527,1.23163546636e-06
222,52205482,7202,park,,0.00231136805977,2.59188624511e-07
229,52205767,7202,park,宜川公园,0.00552652297676,1.84579575068e-06
233,52509335,7202,park,主席像,0.0024010397331,3.33076491141e-07
234,52509339,7202,park,国旗坪,0.00228811253547,2.79226011945e-07
235,52509549,7202,park,,0.00369070766059,6.79459420756e-07
236,52531403,7202,park,,0.00331763875987,4.83103052715e-07
237,52531405,7202,park,曦园,0.00379076728514,5.35294314722e-07
239,52531433,7202,park,,0.00198628468374,2.19112155924e-07
240,52531455,7202,park,,0.00236719889609,3.48484137871e-07
241,53511131,7202,park,,0.00974175922152,3.69796308758e-06
244,53577983,7202,park,临沂公园,0.00617828677691,2.22577513623e-06
246,58413664,7202,park,,0.00400858183443,4.51423335176e-07
247,58413720,7202,park,,0.00519174334879,9.92238592983e-07
249,62072386,7202,park,,0.00679589914243,1.34698804957e-06
267,68572486,7202,park,延春公园,0.00413399906292,8.79916324424e-07
298,68797762,7202,park,金桥公园,0.0126601467013,1.01573211577e-05
307,68991953,7202,park,,0.00782001817825,2.20722109547e-06
318,70915076,7202,park,民星公园,0.00860567270958,2.79629801215e-06
330,71423575,7202,park,,0.00188641827914,2.77406728738e-07
331,71531784,7202,park,淞南公园,0.0120389316385,7.75889223223e-06
335,71754423,7202,park,凉城公园,0.0046331080156,1.320880267e-06
336,71835557,7202,park,,0.00158532813374,1.56754073835e-07
340,71858257,7202,park,,0.00457806420648,7.71490503409e-07
341,71858270,7202,park,,0.00195326660963,2.21807662936e-07
343,71957411,7202,park,,0.00161156293336,9.89932158701e-08
346,71960343,7202,park,,0.00241562863067,2.59510134873e-07
350,72083049,7202,park,东安公园,0.00621995949482,1.90010399401e-06
351,72083112,7202,park,丽园公园,0.00702345917291,1.4651830276e-06
352,72083159,7202,park,蓬莱公园,0.0104844650695,3.23788653324e-06
355,72233363,7202,park,淮茂绿地,0.00538739047127,1.80349612619e-06
356,72233364,7202,park,襄阳公园,0.00572063928888,1.85182863764e-06
361,74008444,7202,park,岭南公园,0.00742296059068,3.54627779291e-06
366,74385402,7202,park,高桥公园,0.00837220186251,4.32394519982e-06
370,74500687,7202,park,,0.00502405393342,1.57900818056e-06
372,74590795,7202,park,滨江森林公园,0.0475713239604,0.000121761472689
378,80842742,7202,park,,0.0038523799295,3.8975453371e-07
379,80842743,7202,park,,0.00382935800842,6.44761504913e-07
381,85711367,7202,park,番禺绿地,0.00851975343639,3.69001837582e-06
386,88607545,7202,park,集中绿地,0.00767851999615,4.27576227011e-06
394,88969256,7202,park,,0.000844685419966,4.44339150567e-08
395,88969261,7202,park,,0.00299187057011,1.42364076679e-07
396,88969268,7202,park,,0.00137720150235,1.18261169451e-07
397,88969278,7202,park,,0.00185175606075,1.2381962662e-07
398,88976755,7202,park,,0.00173142301829,1.24268697753e-07
399,88976756,7202,park,,0.00649376761631,8.97293957223e-07
401,89348551,7202,park,庆园,0.00705909718259,2.98744630574e-06
409,91846415,7202,park,莘庄公园,0.00536681835722,1.59992393701e-06
